Product Type,Date of Event,Average Price (USD/MT),Change in Price Index from Previous Event,CP1 Price,CP2 Price,CP3 Price,CP4 Price,CP5 Price,CP6 Price,Total Sold Quantity
WMP,2-Jul-08,4395.448218,-0.005080066,4376.912697,4379.15,4443.440467,n.a.,n.a.,n.a.,10129
SMP,2-Jul-08,n.a.,0.035971223,n.a.,n.a.,n.a.,n.a.,n.a.,n.a.,n.a.
AMF,2-Jul-08,n.a.,0.01300813,n.a.,n.a.,n.a.,n.a.,n.a.,n.a.,n.a.
BUT,2-Jul-08,n.a.,n.a.,n.a.,n.a.,n.a.,n.a.,n.a.,n.a.,n.a.
BMP,2-Jul-08,n.a.,n.a.,n.a.,n.a.,n.a.,n.a.,n.a.,n.a.,n.a.
WMP,5-Aug-08,3843.10625,-0.1292,3754.084375,4009.65,3761.58,n.a.,n.a.,n.a.,16000
SMP,5-Aug-08,n.a.,-0.045138889,n.a.,n.a.,n.a.,n.a.,n.a.,n.a.,n.a.
AMF,5-Aug-08,n.a.,-0.085072231,n.a.,n.a.,n.a.,n.a.,n.a.,n.a.,n.a.
BUT,5-Aug-08,n.a.,n.a.,n.a.,n.a.,n.a.,n.a.,n.a.,n.a.,n.a.
BMP,5-Aug-08,n.a.,n.a.,n.a.,n.a.,n.a.,n.a.,n.a.,n.a.,n.a.
WMP,2-Sep-08,3306.479639,-0.1415,3193.254617,3432.023074,3334.291667,n.a.,n.a.,n.a.,13973
SMP,2-Sep-08,n.a.,-0.12,n.a.,n.a.,n.a.,n.a.,n.a.,n.a.,n.a.
AMF,2-Sep-08,n.a.,-0.060526316,n.a.,n.a.,n.a.,n.a.,n.a.,n.a.,n.a.
BUT,2-Sep-08,n.a.,n.a.,n.a.,n.a.,n.a.,n.a.,n.a.,n.a.,n.a.
BMP,2-Sep-08,n.a.,n.a.,n.a.,n.a.,n.a.,n.a.,n.a.,n.a.,n.a.
WMP,1-Oct-08,2916.668158,-0.1176,2864.990953,2896.821919,3034.77,n.a.,n.a.,n.a.,22345
SMP,1-Oct-08,n.a.,-0.140495868,n.a.,n.a.,n.a.,n.a.,n.a.,n.a.,n.a.
AMF,1-Oct-08,n.a.,-0.056022409,n.a.,n.a.,n.a.,n.a.,n.a.,n.a.,n.a.
BUT,1-Oct-08,n.a.,n.a.,n.a.,n.a.,n.a.,n.a.,n.a.,n.a.,n.a.
BMP,1-Oct-08,n.a.,n.a.,n.a.,n.a.,n.a.,n.a.,n.a.,n.a.,n.a.
WMP,4-Nov-08,2585.429448,-0.1128,2434.65454,2683.625,2623.23692,n.a.,n.a.,n.a.,18256
SMP,4-Nov-08,n.a.,-0.153846154,n.a.,n.a.,n.a.,n.a.,n.a.,n.a.,n.a.
AMF,4-Nov-08,n.a.,-0.136498516,n.a.,n.a.,n.a.,n.a.,n.a.,n.a.,n.a.
BUT,4-Nov-08,n.a.,n.a.,n.a.,n.a.,n.a.,n.a.,n.a.,n.a.,n.a.
BMP,4-Nov-08,n.a.,n.a.,n.a.,n.a.,n.a.,n.a.,n.a.,n.a.,n.a.
WMP,2-Dec-08,2223.663668,-0.1383,2078.4915,2284.416667,2440.714286,n.a.,n.a.,n.a.,13784
SMP,2-Dec-08,n.a.,-0.090909091,n.a.,n.a.,n.a.,n.a.,n.a.,n.a.,n.a.
AMF,2-Dec-08,n.a.,-0.068728522,n.a.,n.a.,n.a.,n.a.,n.a.,n.a.,n.a.
BUT,2-Dec-08,n.a.,n.a.,n.a.,n.a.,n.a.,n.a.,n.a.,n.a.,n.a.
BMP,2-Dec-08,n.a.,n.a.,n.a.,n.a.,n.a.,n.a.,n.a.,n.a.,n.a.
WMP,6-Jan-09,2017.2536,-0.086,2106.49375,1954.057495,2052.613636,n.a.,n.a.,n.a.,15138
SMP,6-Jan-09,n.a.,-0.0875,n.a.,n.a.,n.a.,n.a.,n.a.,n.a.,n.a.
AMF,6-Jan-09,n.a.,-0.05904059,n.a.,n.a.,n.a.,n.a.,n.a.,n.a.,n.a.
BUT,6-Jan-09,n.a.,n.a.,n.a.,n.a.,n.a.,n.a.,n.a.,n.a.,n.a.
BMP,6-Jan-09,n.a.,n.a.,n.a.,n.a.,n.a.,n.a.,n.a.,n.a.,n.a.
WMP,3-Feb-09,1851.181407,-0.0816,1844.315327,1859.707956,1845.117845,n.a.,n.a.,n.a.,13704
SMP,3-Feb-09,n.a.,-0.04109589,n.a.,n.a.,n.a.,n.a.,n.a.,n.a.,n.a.
AMF,3-Feb-09,n.a.,-0.058823529,n.a.,n.a.,n.a.,n.a.,n.a.,n.a.,n.a.
BUT,3-Feb-09,n.a.,n.a.,n.a.,n.a.,n.a.,n.a.,n.a.,n.a.,n.a.
BMP,3-Feb-09,n.a.,n.a.,n.a.,n.a.,n.a.,n.a.,n.a.,n.a.,n.a.
WMP,3-Mar-09,2158.299214,0.1753,2114.564503,2216.032923,2154.09375,n.a.,n.a.,n.a.,12847
SMP,3-Mar-09,n.a.,0.035714286,n.a.,n.a.,n.a.,n.a.,n.a.,n.a.,n.a.
AMF,3-Mar-09,n.a.,0,n.a.,n.a.,n.a.,n.a.,n.a.,n.a.,n.a.
BUT,3-Mar-09,n.a.,n.a.,n.a.,n.a.,n.a.,n.a.,n.a.,n.a.,n.a.
BMP,3-Mar-09,n.a.,n.a.,n.a.,n.a.,n.a.,n.a.,n.a.,n.a.,n.a.
WMP,1-Apr-09,2234.837915,0.0241,2133.39307,2321.5875,2254.225,n.a.,n.a.,n.a.,12185
SMP,1-Apr-09,n.a.,0.094252874,n.a.,n.a.,n.a.,n.a.,n.a.,n.a.,n.a.
AMF,1-Apr-09,n.a.,0,n.a.,n.a.,n.a.,n.a.,n.a.,n.a.,n.a.
BUT,1-Apr-09,n.a.,n.a.,n.a.,n.a.,n.a.,n.a.,n.a.,n.a.,n.a.
BMP,1-Apr-09,n.a.,n.a.,n.a.,n.a.,n.a.,n.a.,n.a.,n.a.,n.a.
WMP,12-May-09,2143.552352,-0.0405,2168.469793,2162.459101,2112.6625,n.a.,n.a.,n.a.,14603
SMP,12-May-09,n.a.,0.008403361,n.a.,n.a.,n.a.,n.a.,n.a.,n.a.,n.a.
AMF,12-May-09,n.a.,0.047916667,n.a.,n.a.,n.a.,n.a.,n.a.,n.a.,n.a.
BUT,12-May-09,n.a.,n.a.,n.a.,n.a.,n.a.,n.a.,n.a.,n.a.,n.a.
BMP,12-May-09,n.a.,n.a.,n.a.,n.a.,n.a.,n.a.,n.a.,n.a.,n.a.
WMP,2-Jun-09,1886.169534,-0.1176,2002.339474,1894.328467,1814.133835,n.a.,n.a.,n.a.,17554
SMP,2-Jun-09,n.a.,0.00625,n.a.,n.a.,n.a.,n.a.,n.a.,n.a.,n.a.
AMF,2-Jun-09,n.a.,0.023856859,n.a.,n.a.,n.a.,n.a.,n.a.,n.a.,n.a.
BUT,2-Jun-09,n.a.,n.a.,n.a.,n.a.,n.a.,n.a.,n.a.,n.a.,n.a.
BMP,2-Jun-09,n.a.,n.a.,n.a.,n.a.,n.a.,n.a.,n.a.,n.a.,n.a.
WMP,1-Jul-09,1828.775789,-0.0295,1841.278,1805.8125,1848.975,n.a.,n.a.,n.a.,19000
SMP,1-Jul-09,n.a.,0,n.a.,n.a.,n.a.,n.a.,n.a.,n.a.,n.a.
AMF,1-Jul-09,n.a.,0.009708738,n.a.,n.a.,n.a.,n.a.,n.a.,n.a.,n.a.
BUT,1-Jul-09,n.a.,n.a.,n.a.,n.a.,n.a.,n.a.,n.a.,n.a.,n.a.
BMP,1-Jul-09,n.a.,n.a.,n.a.,n.a.,n.a.,n.a.,n.a.,n.a.,n.a.
WMP,4-Aug-09,2301.167264,0.2428,2304.516686,2306.579015,2291.100563,n.a.,n.a.,n.a.,20094
SMP,4-Aug-09,n.a.,0.031055901,n.a.,n.a.,n.a.,n.a.,n.a.,n.a.,n.a.
AMF,4-Aug-09,n.a.,0.040384615,n.a.,n.a.,n.a.,n.a.,n.a.,n.a.,n.a.
BUT,4-Aug-09,n.a.,n.a.,n.a.,n.a.,n.a.,n.a.,n.a.,n.a.,n.a.
BMP,4-Aug-09,n.a.,n.a.,n.a.,n.a.,n.a.,n.a.,n.a.,n.a.,n.a.
WMP,1-Sep-09,2858.292648,0.2388,2872.468333,2846.783099,2861.300578,n.a.,n.a.,n.a.,20851
SMP,1-Sep-09,n.a.,0.129518072,n.a.,n.a.,n.a.,n.a.,n.a.,n.a.,n.a.
AMF,1-Sep-09,n.a.,0.07948244,n.a.,n.a.,n.a.,n.a.,n.a.,n.a.,n.a.
BUT,1-Sep-09,n.a.,n.a.,n.a.,n.a.,n.a.,n.a.,n.a.,n.a.,n.a.
BMP,1-Sep-09,n.a.,n.a.,n.a.,n.a.,n.a.,n.a.,n.a.,n.a.,n.a.
WMP,6-Oct-09,3022.045799,0.0623,3019.069734,3008.201804,3051.879586,n.a.,n.a.,n.a.,24411
SMP,6-Oct-09,n.a.,0.155555556,n.a.,n.a.,n.a.,n.a.,n.a.,n.a.,n.a.
AMF,6-Oct-09,n.a.,0.200913242,n.a.,n.a.,n.a.,n.a.,n.a.,n.a.,n.a.
BUT,6-Oct-09,n.a.,n.a.,n.a.,n.a.,n.a.,n.a.,n.a.,n.a.,n.a.
BMP,6-Oct-09,n.a.,n.a.,n.a.,n.a.,n.a.,n.a.,n.a.,n.a.,n.a.
WMP,3-Nov-09,3436.593734,0.1361,3352.345118,3393.225,3684.04,n.a.,n.a.,n.a.,25023
SMP,3-Nov-09,n.a.,0.246153846,n.a.,n.a.,n.a.,n.a.,n.a.,n.a.,n.a.
AMF,3-Nov-09,4756.934426,0.177657857,4809.056848,4727.895642,4735,n.a.,n.a.,n.a.,3355
BUT,3-Nov-09,n.a.,n.a.,n.a.,n.a.,n.a.,n.a.,n.a.,n.a.,n.a.
BMP,3-Nov-09,n.a.,n.a.,n.a.,n.a.,n.a.,n.a.,n.a.,n.a.,n.a.
WMP,1-Dec-09,3559.917864,0.0379,3522.500245,3539.902326,3716.061993,n.a.,n.a.,n.a.,24776
SMP,1-Dec-09,n.a.,0,n.a.,n.a.,n.a.,n.a.,n.a.,n.a.,n.a.
AMF,1-Dec-09,4348.870482,-0.0853,4405.5,4328.178156,4335,n.a.,n.a.,n.a.,3984
BUT,1-Dec-09,n.a.,n.a.,n.a.,n.a.,n.a.,n.a.,n.a.,n.a.,n.a.
BMP,1-Dec-09,n.a.,n.a.,n.a.,n.a.,n.a.,n.a.,n.a.,n.a.,n.a.
WMP,5-Jan-10,3308.847475,-0.073,3281.987179,3254.784091,3522.99375,n.a.,n.a.,n.a.,24750
SMP,5-Jan-10,n.a.,-0.092592593,n.a.,n.a.,n.a.,n.a.,n.a.,n.a.,n.a.
AMF,5-Jan-10,4539.058278,0.0442,4516.869159,4492.528736,4735,n.a.,n.a.,n.a.,3775
BUT,5-Jan-10,n.a.,n.a.,n.a.,n.a.,n.a.,n.a.,n.a.,n.a.,n.a.
BMP,5-Jan-10,n.a.,n.a.,n.a.,n.a.,n.a.,n.a.,n.a.,n.a.,n.a.
WMP,2-Feb-10,3256.035854,-0.0171,3199.594331,3307.513534,3286.63125,n.a.,n.a.,n.a.,21002
SMP,2-Feb-10,n.a.,-0.102040816,n.a.,n.a.,n.a.,n.a.,n.a.,n.a.,n.a.
AMF,2-Feb-10,4182.771291,-0.069,4164.726225,4196.389497,4183,n.a.,n.a.,n.a.,2912
BUT,2-Feb-10,n.a.,n.a.,n.a.,n.a.,n.a.,n.a.,n.a.,n.a.,n.a.
BMP,2-Feb-10,n.a.,n.a.,n.a.,n.a.,n.a.,n.a.,n.a.,n.a.,n.a.
WMP,2-Mar-10,3280.921053,0.0109,3291.1425,3336.843588,3203.74219,n.a.,n.a.,n.a.,22648
SMP,2-Mar-10,2926.954967,0.031818182,2825.427419,3143.281573,2927.380873,n.a.,n.a.,n.a.,7550
AMF,2-Mar-10,3958.750874,-0.0567,4008.055556,3975.689346,3883.846154,n.a.,n.a.,n.a.,2862
BUT,2-Mar-10,n.a.,n.a.,n.a.,n.a.,n.a.,n.a.,n.a.,n.a.,n.a.
BMP,2-Mar-10,n.a.,n.a.,n.a.,n.a.,n.a.,n.a.,n.a.,n.a.,n.a.
WMP,6-Apr-10,3969.222913,0.2198,4091.833616,4060.825,3772.525,n.a.,n.a.,n.a.,16890
SMP,6-Apr-10,3672.299937,0.2484,3847.069328,3963.947368,3421,n.a.,n.a.,n.a.,6348
AMF,6-Apr-10,4826.660496,0.2243,4975.848586,4853.625,4691.083333,n.a.,n.a.,n.a.,2701
BUT,6-Apr-10,n.a.,n.a.,n.a.,n.a.,n.a.,n.a.,n.a.,n.a.,n.a.
BMP,6-Apr-10,n.a.,n.a.,n.a.,n.a.,n.a.,n.a.,n.a.,n.a.,n.a.
WMP,4-May-10,3932.386247,-0.0145,4027.304061,3870.427957,3908.331579,n.a.,n.a.,n.a.,22483
SMP,4-May-10,3611.930769,-0.0143,3681.525,3995.9,3373.55,n.a.,n.a.,n.a.,6500
AMF,4-May-10,5019.550612,0.0456,5572.160356,5039.558824,4784.4375,n.a.,n.a.,n.a.,3349
BUT,4-May-10,n.a.,n.a.,n.a.,n.a.,n.a.,n.a.,n.a.,n.a.,n.a.
BMP,4-May-10,n.a.,n.a.,n.a.,n.a.,n.a.,n.a.,n.a.,n.a.,n.a.
WMP,1-Jun-10,3789.582014,-0.032,4019.376827,3776.078125,3645.90625,n.a.,n.a.,n.a.,21472
SMP,1-Jun-10,3461.530303,-0.0627,3587.631579,3445.815,3407.858333,n.a.,n.a.,n.a.,9900
AMF,1-Jun-10,5323.511722,0.0587,6169.37251,5190.085979,5239.538885,n.a.,n.a.,n.a.,4223
BUT,1-Jun-10,n.a.,n.a.,n.a.,n.a.,n.a.,n.a.,n.a.,n.a.,n.a.
BMP,1-Jun-10,n.a.,n.a.,n.a.,n.a.,n.a.,n.a.,n.a.,n.a.,n.a.
WMP,6-Jul-10,3223.62615,-0.1484,3434.585736,3223.544719,3100.321875,n.a.,n.a.,n.a.,30975
SMP,6-Jul-10,3066.673918,-0.1178,3030.380711,3073.593092,3099.12963,n.a.,n.a.,n.a.,12181
AMF,6-Jul-10,4620.194349,-0.1413,5273.430657,4481.160081,4417.35,n.a.,n.a.,n.a.,5557
BUT,6-Jul-10,n.a.,n.a.,n.a.,n.a.,n.a.,n.a.,n.a.,n.a.,n.a.
BMP,6-Jul-10,n.a.,n.a.,n.a.,n.a.,n.a.,n.a.,n.a.,n.a.,n.a.
WMP,3-Aug-10,2974.215226,-0.0788,2917.491669,2936.326253,3186.223539,n.a.,n.a.,n.a.,34322
SMP,3-Aug-10,2769.630381,-0.0922,2718.976608,2768.779661,2865.47302,n.a.,n.a.,n.a.,14055
AMF,3-Aug-10,4302.288262,-0.0765,4476.7,4252.456576,4251.625,n.a.,n.a.,n.a.,6730
BUT,3-Aug-10,n.a.,n.a.,n.a.,n.a.,n.a.,n.a.,n.a.,n.a.,n.a.
BMP,3-Aug-10,2905.070423,n.a.,2810,3080,n.a.,n.a.,n.a.,n.a.,1278
WMP,1-Sep-10,3522.458278,0.1886,3624.4,3457.440909,3595.2,n.a.,n.a.,n.a.,18875
SMP,1-Sep-10,3197.387402,0.1582,3131.388462,3215.166667,3355.066667,n.a.,n.a.,n.a.,6350
AMF,1-Sep-10,4681.42623,0.0963,4688.45,4640.75,4946.2,n.a.,n.a.,n.a.,3050
BUT,1-Sep-10,n.a.,n.a.,n.a.,n.a.,n.a.,n.a.,n.a.,n.a.,n.a.
BMP,1-Sep-10,3198.5,0.1059,3125,3370,n.a.,n.a.,n.a.,n.a.,1000
WMP,15-Sep-10,3601.604737,0.0161,3649.055,3567.546875,3565.891667,n.a.,n.a.,n.a.,19000
SMP,15-Sep-10,3228.519716,0.0086,3163.067308,3204.35,3556.472973,n.a.,n.a.,n.a.,6340
AMF,15-Sep-10,5188.842438,0.1031,5282.827869,5139.986309,5176.25,n.a.,n.a.,n.a.,3002
BUT,15-Sep-10,n.a.,n.a.,n.a.,n.a.,n.a.,n.a.,n.a.,n.a.,n.a.
BMP,15-Sep-10,2991.5,-0.0647,2960,3065,n.a.,n.a.,n.a.,n.a.,1000
WMP,5-Oct-10,3521.102525,-0.0208,3548.566354,3483.606272,3565.06,n.a.,n.a.,n.a.,22258
SMP,5-Oct-10,3220.795714,-0.0085,3153.04,3209.176667,3356.96,n.a.,n.a.,n.a.,7000
AMF,5-Oct-10,5256.038613,0.0139,5353.79575,5195.25,5274.666667,n.a.,n.a.,n.a.,2797
BUT,5-Oct-10,n.a.,n.a.,n.a.,n.a.,n.a.,n.a.,n.a.,n.a.,n.a.
BMP,5-Oct-10,3071.971904,0.0287,3000,3265,n.a.,n.a.,n.a.,n.a.,961
WMP,19-Oct-10,3483.990475,-0.011,3485.42975,3469.531818,3541.54,n.a.,n.a.,n.a.,24041
SMP,19-Oct-10,3071.752941,-0.0464,2926.75,3094.185714,3250,n.a.,n.a.,n.a.,8500
AMF,19-Oct-10,5196.463858,-0.0134,5175.485679,5125.633333,5470,n.a.,n.a.,n.a.,2753
BUT,19-Oct-10,n.a.,n.a.,n.a.,n.a.,n.a.,n.a.,n.a.,n.a.,n.a.
BMP,19-Oct-10,3033.376963,-0.0123,3000,3125,n.a.,n.a.,n.a.,n.a.,955
WMP,2-Nov-10,3495.267001,0.0002,3516.306761,3520.571053,3315.71,n.a.,n.a.,n.a.,21910
SMP,2-Nov-10,3020.916958,-0.0122,2925.139442,2989.018182,3325,n.a.,n.a.,n.a.,6009
AMF,2-Nov-10,5393.887755,0.055,5411.78125,5379.666667,5400,n.a.,n.a.,n.a.,2450
BUT,2-Nov-10,n.a.,n.a.,n.a.,n.a.,n.a.,n.a.,n.a.,n.a.,n.a.
BMP,2-Nov-10,3011.428571,-0.0174,2900,3160,n.a.,n.a.,n.a.,n.a.,700
WMP,16-Nov-10,3447.495041,-0.0139,3462.989381,3436.402351,3428.66,n.a.,n.a.,n.a.,22180
SMP,16-Nov-10,3096.052411,0.0209,2960.702222,3129.567148,3310,n.a.,n.a.,n.a.,5953
AMF,16-Nov-10,5341.24439,-0.0181,5325.76779,5354.416667,5333.666667,n.a.,n.a.,n.a.,2451
BUT,16-Nov-10,n.a.,n.a.,n.a.,n.a.,n.a.,n.a.,n.a.,n.a.,n.a.
BMP,16-Nov-10,3112.857143,0.0337,3115,3110,n.a.,n.a.,n.a.,n.a.,700
WMP,1-Dec-10,3556.115556,0.0263,3518.490909,3607.686842,3518.0875,n.a.,n.a.,n.a.,22500
SMP,1-Dec-10,3059.950015,0.0052,2899.222852,3150.958333,3487.066667,n.a.,n.a.,n.a.,6502
AMF,1-Dec-10,5333.498654,0.0033,5308.156222,5314.285714,5440.333333,n.a.,n.a.,n.a.,2601
BUT,1-Dec-10,n.a.,n.a.,n.a.,n.a.,n.a.,n.a.,n.a.,n.a.,n.a.
BMP,1-Dec-10,3033.571429,-0.0255,2950,3145,n.a.,n.a.,n.a.,n.a.,350
WMP,15-Dec-10,3619.730636,0.0256,3596.875454,3651.85,3593.05,n.a.,n.a.,n.a.,22516
SMP,15-Dec-10,3127.921141,0.0243,2991.507463,3196.14,3556.721557,n.a.,n.a.,n.a.,6518
AMF,15-Dec-10,5380.453846,0.007,5330.34375,5388.6875,5536.666667,n.a.,n.a.,n.a.,3250
BUT,15-Dec-10,n.a.,n.a.,n.a.,n.a.,n.a.,n.a.,n.a.,n.a.,n.a.
BMP,15-Dec-10,3020,-0.0045,2810,3300,n.a.,n.a.,n.a.,n.a.,350
WMP,4-Jan-11,3750.238158,0.0374,3636.615,3859.410714,3936.25,n.a.,n.a.,n.a.,19000
SMP,4-Jan-11,3491.545122,0.1087,3406.337838,3497.28,3690.253333,n.a.,n.a.,n.a.,4100
AMF,4-Jan-11,5984.401211,0.107,5976.59921,5984.642857,6015,n.a.,n.a.,n.a.,2313
BUT,4-Jan-11,n.a.,n.a.,n.a.,n.a.,n.a.,n.a.,n.a.,n.a.,n.a.
BMP,4-Jan-11,3390,0.2064,3390,n.a.,n.a.,n.a.,n.a.,n.a.,200
WMP,18-Jan-11,3779.982353,0.005,3700.75625,3819.192857,3959.65,n.a.,n.a.,n.a.,17000
SMP,18-Jan-11,3579.243902,0.0236,3605,3546.4,3581.4,n.a.,n.a.,n.a.,4100
AMF,18-Jan-11,5946.129653,-0.0032,5969.29003,5879.928571,6104.336735,n.a.,n.a.,n.a.,2337
BUT,18-Jan-11,n.a.,n.a.,n.a.,n.a.,n.a.,n.a.,n.a.,n.a.,n.a.
BMP,18-Jan-11,3880,0.1445,3880,n.a.,n.a.,n.a.,n.a.,n.a.,207
WMP,1-Feb-11,3994.726129,0.0571,3974.392857,4035.45,3986.533865,n.a.,n.a.,n.a.,13510
SMP,1-Feb-11,3913.269231,0.0863,3781.515152,3967.333333,4095,n.a.,n.a.,n.a.,3900
AMF,1-Feb-11,6486.051502,0.0916,6368.806419,6581.25,6621.833333,n.a.,n.a.,n.a.,2097
BUT,1-Feb-11,n.a.,n.a.,n.a.,n.a.,n.a.,n.a.,n.a.,n.a.,n.a.
BMP,1-Feb-11,n.a.,n.a.,n.a.,n.a.,n.a.,n.a.,n.a.,n.a.,n.a.
WMP,15-Feb-11,4319.932727,0.0787,4326.742,4422.825,4205.691667,n.a.,n.a.,n.a.,11000
SMP,15-Feb-11,3898.441525,0.0063,3926.531863,3861.466667,3911.266667,n.a.,n.a.,n.a.,3882
AMF,15-Feb-11,6323.581818,-0.0242,6284.132075,6351.8,6392,n.a.,n.a.,n.a.,2750
BUT,15-Feb-11,n.a.,n.a.,n.a.,n.a.,n.a.,n.a.,n.a.,n.a.,n.a.
BMP,15-Feb-11,n.a.,n.a.,n.a.,n.a.,n.a.,n.a.,n.a.,n.a.,n.a.
WMP,1-Mar-11,4618.957143,0.0959,4958,4935.228571,4291.3,n.a.,n.a.,n.a.,7000
SMP,1-Mar-11,3976.717651,0.0242,4042.250755,4077.7,3781.586369,n.a.,n.a.,n.a.,2844
AMF,1-Mar-11,6424.306705,0.0116,6427.373737,6449.776888,6378.478261,n.a.,n.a.,n.a.,2416
BUT,1-Mar-11,n.a.,n.a.,n.a.,n.a.,n.a.,n.a.,n.a.,n.a.,n.a.
BMP,1-Mar-11,n.a.,n.a.,n.a.,n.a.,n.a.,n.a.,n.a.,n.a.,n.a.
WMP,15-Mar-11,4104.985714,-0.1141,4336.685714,4302.828571,3890.214286,n.a.,n.a.,n.a.,7000
SMP,15-Mar-11,3816.263158,-0.0468,3759.45,3730.1,3984.470588,n.a.,n.a.,n.a.,2850
AMF,15-Mar-11,6111.05464,-0.0451,6147.972028,6178.344595,5949.875,n.a.,n.a.,n.a.,2489
BUT,15-Mar-11,n.a.,n.a.,n.a.,n.a.,n.a.,n.a.,n.a.,n.a.,n.a.
BMP,15-Mar-11,n.a.,n.a.,n.a.,n.a.,n.a.,n.a.,n.a.,n.a.,n.a.
WMP,5-Apr-11,3877.996667,-0.0563,3984.485714,3915.855556,3800.414286,n.a.,n.a.,n.a.,7500
SMP,5-Apr-11,3763.360445,0.0145,3980,3770,3625,n.a.,n.a.,n.a.,2336
AMF,5-Apr-11,5985.309091,-0.0174,5958.070588,6114.625,5913.875,n.a.,n.a.,n.a.,2475
BUT,5-Apr-11,n.a.,n.a.,n.a.,n.a.,n.a.,n.a.,n.a.,n.a.,n.a.
BMP,5-Apr-11,n.a.,n.a.,n.a.,n.a.,n.a.,n.a.,n.a.,n.a.,n.a.
WMP,19-Apr-11,3911.910678,0.0082,3986.4,3985.261959,3828.664286,n.a.,n.a.,n.a.,7445
SMP,19-Apr-11,3770.511968,-0.0059,3899.801325,3783.698846,3686.823529,n.a.,n.a.,n.a.,2256
AMF,19-Apr-11,5950.814433,-0.0084,5976.920583,5976.76819,5871.558333,n.a.,n.a.,n.a.,2425
BUT,19-Apr-11,n.a.,n.a.,n.a.,n.a.,n.a.,n.a.,n.a.,n.a.,n.a.
BMP,19-Apr-11,n.a.,n.a.,n.a.,n.a.,n.a.,n.a.,n.a.,n.a.,n.a.
WMP,3-May-11,3859.377694,-0.0171,4007.9229,3929.803294,3741.628571,n.a.,n.a.,n.a.,7424
SMP,3-May-11,3908.931992,0.0264,4373.770492,3806,3732.882353,n.a.,n.a.,n.a.,2088
AMF,3-May-11,5669.993103,-0.0462,5669.171429,5682.45098,5645.916667,n.a.,n.a.,n.a.,3625
BUT,3-May-11,n.a.,n.a.,n.a.,n.a.,n.a.,n.a.,n.a.,n.a.,n.a.
BMP,3-May-11,n.a.,n.a.,n.a.,n.a.,n.a.,n.a.,n.a.,n.a.,n.a.
WMP,17-May-11,3862.894737,0.0011,3989.223301,3958.312343,3753.014286,n.a.,n.a.,n.a.,7030
SMP,17-May-11,3824.385422,-0.0146,4075.465587,3869.410596,3638.470588,n.a.,n.a.,n.a.,2099
AMF,17-May-11,5339.759978,-0.0576,5276.457143,5431.253041,5336.375,n.a.,n.a.,n.a.,3583
BUT,17-May-11,n.a.,n.a.,n.a.,n.a.,n.a.,n.a.,n.a.,n.a.,n.a.
BMP,17-May-11,n.a.,n.a.,n.a.,n.a.,n.a.,n.a.,n.a.,n.a.,n.a.
WMP,1-Jun-11,3780.326,-0.0307,3760.013441,3824.264804,3722.55,n.a.,n.a.,n.a.,12454
SMP,1-Jun-11,4372.170543,0.1315,4548.088235,4556.25,4005.886288,n.a.,n.a.,n.a.,1806
AMF,1-Jun-11,5669.143612,0.0617,5740.599793,5622.380952,5675.888889,n.a.,n.a.,n.a.,3217
BUT,1-Jun-11,n.a.,n.a.,n.a.,n.a.,n.a.,n.a.,n.a.,n.a.,n.a.
BMP,1-Jun-11,n.a.,n.a.,n.a.,n.a.,n.a.,n.a.,n.a.,n.a.,n.a.
WMP,15-Jun-11,3887.633254,0.0258,3886.049679,3895.567227,3875.557143,n.a.,n.a.,n.a.,12570
SMP,15-Jun-11,3993.824228,-0.0721,4364.175824,4087.533333,3728.5,n.a.,n.a.,n.a.,2105
AMF,15-Jun-11,5345.511755,-0.0594,5362.903846,5344.398479,5315.703704,n.a.,n.a.,n.a.,4211
BUT,15-Jun-11,n.a.,n.a.,n.a.,n.a.,n.a.,n.a.,n.a.,n.a.,n.a.
BMP,15-Jun-11,n.a.,n.a.,n.a.,n.a.,n.a.,n.a.,n.a.,n.a.,n.a.
WMP,5-Jul-11,3637.916901,-0.0682,3665.957046,3628.023529,3630.05,n.a.,n.a.,n.a.,15981
SMP,5-Jul-11,3704.147113,-0.0716,3695,3706.926373,3700.8,n.a.,n.a.,n.a.,4901
AMF,5-Jul-11,5277.672727,-0.0139,5225.9,5270.703704,5430.625,n.a.,n.a.,n.a.,4125
BUT,5-Jul-11,n.a.,n.a.,n.a.,n.a.,n.a.,n.a.,n.a.,n.a.,n.a.
BMP,5-Jul-11,3335,0.0106,n.a.,3335,n.a.,n.a.,n.a.,n.a.,300
WMP,19-Jul-11,3475.254688,-0.04,3474.2375,3441.444118,3558.528571,n.a.,n.a.,n.a.,16000
SMP,19-Jul-11,3487.58517,-0.0524,3612.2,3451.682099,3530.8,n.a.,n.a.,n.a.,4990
AMF,19-Jul-11,4613.760417,-0.1249,4512.064103,4609.088889,4961.791667,n.a.,n.a.,n.a.,4800
BUT,19-Jul-11,n.a.,n.a.,n.a.,n.a.,n.a.,n.a.,n.a.,n.a.,n.a.
BMP,19-Jul-11,3345,0.003,n.a.,3345,n.a.,n.a.,n.a.,n.a.,257
WMP,2-Aug-11,3474.476757,-0.0032,3476.663292,3452.504167,3545.8,n.a.,n.a.,n.a.,21921
SMP,2-Aug-11,3478.606348,-0.0136,3488.372737,3465.835821,3494.95,n.a.,n.a.,n.a.,7057
AMF,2-Aug-11,4297.317362,-0.0724,4290.455,4248.257182,4556.416667,n.a.,n.a.,n.a.,5489
BUT,2-Aug-11,n.a.,n.a.,n.a.,n.a.,n.a.,n.a.,n.a.,n.a.,n.a.
BMP,2-Aug-11,3318.604651,0.0329,3225,3455,n.a.,n.a.,n.a.,n.a.,430
WMP,16-Aug-11,3385.294318,-0.0226,3358.986364,3353.686538,3544.035714,n.a.,n.a.,n.a.,22000
SMP,16-Aug-11,3437.956543,-0.0078,3456.110313,3409.314943,3516.419492,n.a.,n.a.,n.a.,8077
AMF,16-Aug-11,4273.211866,-0.0029,4149.806067,4290.394737,4605.208333,n.a.,n.a.,n.a.,5461
BUT,16-Aug-11,n.a.,n.a.,n.a.,n.a.,n.a.,n.a.,n.a.,n.a.,n.a.
BMP,16-Aug-11,3419.850993,0.03,3335,3540,n.a.,n.a.,n.a.,n.a.,604
WMP,6-Sep-11,3313.541346,-0.0155,3235.221053,3343.082692,3416.4,n.a.,n.a.,n.a.,26000
SMP,6-Sep-11,3443.601541,0.0044,3364.827431,3520.649087,3490.381837,n.a.,n.a.,n.a.,9346
AMF,6-Sep-11,4352.876298,0.0202,4312.667532,4340.152846,4747.881356,n.a.,n.a.,n.a.,5295
BUT,6-Sep-11,n.a.,n.a.,n.a.,n.a.,n.a.,n.a.,n.a.,n.a.,n.a.
BMP,6-Sep-11,2987.898853,-0.1194,2895,3190,n.a.,n.a.,n.a.,n.a.,959
WMP,20-Sep-11,3345.089269,0.011,n.a.,3288.948947,3342.376538,3508.058183,n.a.,n.a.,25989
SMP,20-Sep-11,3229.683872,-0.0625,n.a.,3173.130824,3249.097143,3395.76,n.a.,n.a.,11973
AMF,20-Sep-11,3845.759837,-0.1126,n.a.,3737.262991,3868.271545,4526.75,n.a.,n.a.,5896
BUT,20-Sep-11,n.a.,n.a.,n.a.,n.a.,n.a.,n.a.,n.a.,n.a.,n.a.
BMP,20-Sep-11,2984.723757,0.002,n.a.,2935,3115,n.a.,n.a.,n.a.,905
WMP,4-Oct-11,3308.534405,-0.007,n.a.,3263.15855,3301.152632,3562.448,n.a.,n.a.,24444
SMP,4-Oct-11,3193.376363,-0.0036,3046.607143,3177.751867,3207.742857,3412.28,n.a.,n.a.,9993
AMF,4-Oct-11,3702.536194,-0.0348,n.a.,3674.310345,3685.726265,4486,n.a.,n.a.,5664
BUT,4-Oct-11,n.a.,n.a.,n.a.,n.a.,n.a.,n.a.,n.a.,n.a.,n.a.
BMP,4-Oct-11,3075.484048,0.032,n.a.,2985,3335,n.a.,n.a.,n.a.,909
WMP,18-Oct-11,3502.756516,0.0575,n.a.,3472.886,3516.261697,3604.481833,n.a.,n.a.,24326
SMP,18-Oct-11,3291.8621,0.0306,3041.071429,3258.739367,3358.871429,3441.6,n.a.,n.a.,10029
AMF,18-Oct-11,3644.529734,-0.017,n.a.,3623.28237,3618.288551,4540,n.a.,n.a.,5667
BUT,18-Oct-11,n.a.,n.a.,n.a.,n.a.,n.a.,n.a.,n.a.,n.a.,n.a.
BMP,18-Oct-11,3018.684211,-0.0189,n.a.,2970,3155,n.a.,n.a.,n.a.,950
WMP,1-Nov-11,3487.128125,-0.0077,n.a.,3511.08,3443.947826,3589.95,n.a.,n.a.,24000
SMP,1-Nov-11,3292.341674,0.0028,3180,3238.379006,3388.297778,3456.3,n.a.,n.a.,7753
AMF,1-Nov-11,3308.969918,-0.0931,n.a.,3200.248963,3352.854701,4200,n.a.,n.a.,5485
BUT,1-Nov-11,n.a.,n.a.,n.a.,n.a.,n.a.,n.a.,n.a.,n.a.,n.a.
BMP,1-Nov-11,2934.354839,-0.0211,n.a.,2855,3265,n.a.,n.a.,n.a.,775
WMP,15-Nov-11,3574.395216,0.0242,n.a.,3574.155,3556.728947,3643.877551,n.a.,n.a.,21950
SMP,15-Nov-11,3354.339564,0.0179,3164.56,3267.52356,3508.866667,3677.84,n.a.,n.a.,8025
AMF,15-Nov-11,3571.328671,0.0803,n.a.,3556.685472,3549.07001,4205,n.a.,n.a.,5148
BUT,15-Nov-11,n.a.,n.a.,n.a.,n.a.,n.a.,n.a.,n.a.,n.a.,n.a.
BMP,15-Nov-11,3039.338521,0.0357,n.a.,2980,3285,n.a.,n.a.,n.a.,771
WMP,6-Dec-11,3637.230682,0.0203,n.a.,3647.973913,3608.646875,3679.28,n.a.,n.a.,22000
SMP,6-Dec-11,3423.580456,0.0254,3079.14959,3347.193258,3561.866667,3827.813142,n.a.,n.a.,7675
AMF,6-Dec-11,4012.608537,0.1204,n.a.,4004.119351,4013.62069,4068.693694,n.a.,n.a.,4123
BUT,6-Dec-11,n.a.,n.a.,n.a.,n.a.,n.a.,n.a.,n.a.,n.a.,n.a.
BMP,6-Dec-11,3410,0.1443,n.a.,3410,n.a.,n.a.,n.a.,n.a.,450
WMP,20-Dec-11,3589.128884,-0.0151,n.a.,3556.2,3614.712931,3658.61,n.a.,n.a.,22012
SMP,20-Dec-11,3312.425543,-0.0325,3081.1,3257.524771,3366.456364,3845,n.a.,n.a.,9200
AMF,20-Dec-11,4182.696266,0.0474,n.a.,3978.221781,4308.804598,4541.875,n.a.,n.a.,4178
BUT,20-Dec-11,n.a.,n.a.,n.a.,n.a.,n.a.,n.a.,n.a.,n.a.,n.a.
BMP,20-Dec-11,3280,-0.0381,n.a.,3280,n.a.,n.a.,n.a.,n.a.,700
WMP,3-Jan-12,3554.059093,-0.008,n.a.,3527.447826,3559.339286,3746.11349,n.a.,n.a.,19901
SMP,3-Jan-12,3268.996992,-0.0062,3023.04,3243.050602,3366.2,3438.7,n.a.,n.a.,6650
AMF,3-Jan-12,3982.286064,-0.0507,n.a.,3878.835616,4040.975309,4273.75,n.a.,n.a.,4090
BUT,3-Jan-12,n.a.,n.a.,n.a.,n.a.,n.a.,n.a.,n.a.,n.a.,n.a.
BMP,3-Jan-12,3585,0.093,n.a.,3585,n.a.,n.a.,n.a.,n.a.,350
WMP,17-Jan-12,3562.092593,0.0004,n.a.,3517.46087,3616.216667,3696.75,n.a.,n.a.,18900
SMP,17-Jan-12,3351.173389,0.0269,3031.923077,3337.449873,3464.541667,3493.98374,n.a.,n.a.,5727
AMF,17-Jan-12,4083.658124,0.0278,n.a.,4054.120112,4104.582228,4167.924901,n.a.,n.a.,3551
BUT,17-Jan-12,n.a.,n.a.,n.a.,n.a.,n.a.,n.a.,n.a.,n.a.,n.a.
BMP,17-Jan-12,3430,-0.0432,n.a.,3430,n.a.,n.a.,n.a.,n.a.,350
WMP,1-Feb-12,3533.101429,-0.0087,n.a.,3494.554545,3642.86,3449.916667,n.a.,n.a.,17500
SMP,1-Feb-12,3296.360483,-0.0043,3007.793834,3264.919231,3474,3457.4,n.a.,n.a.,4469
AMF,1-Feb-12,3942.284768,-0.0351,n.a.,3796.383562,4069.232868,4321.833333,n.a.,n.a.,3624
BUT,1-Feb-12,n.a.,n.a.,n.a.,n.a.,n.a.,n.a.,n.a.,n.a.,n.a.
BMP,1-Feb-12,n.a.,n.a.,n.a.,n.a.,n.a.,n.a.,n.a.,n.a.,n.a.
WMP,15-Feb-12,3420.906811,-0.0298,n.a.,3385.525242,3446.151661,3586.309444,n.a.,n.a.,20539
SMP,15-Feb-12,3259.433962,-0.0263,2829.9,3245.805243,3390.5,3473.4,n.a.,n.a.,4770
AMF,15-Feb-12,3546.38834,-0.1053,n.a.,3405.748766,3631.510791,4110,n.a.,n.a.,4048
BUT,15-Feb-12,n.a.,n.a.,n.a.,n.a.,n.a.,n.a.,n.a.,n.a.,n.a.
BMP,15-Feb-12,n.a.,n.a.,n.a.,n.a.,n.a.,n.a.,n.a.,n.a.,n.a.
WMP,6-Mar-12,3408.723022,-0.0023,n.a.,3365.694444,3512.051724,3452.525,n.a.,n.a.,13900
SMP,6-Mar-12,3194.354287,-0.0199,2765.487805,3207.327747,3290.6,3354.2,n.a.,n.a.,4677
AMF,6-Mar-12,3631.25,0.0373,n.a.,3453.345543,3864.057765,3935,n.a.,n.a.,2844
BUT,6-Mar-12,n.a.,n.a.,n.a.,n.a.,n.a.,n.a.,n.a.,n.a.,n.a.
BMP,6-Mar-12,n.a.,n.a.,n.a.,n.a.,n.a.,n.a.,n.a.,n.a.,n.a.
WMP,20-Mar-12,3315.866395,-0.0263,n.a.,3316.359168,3267.877534,3397.3375,n.a.,n.a.,15980
SMP,20-Mar-12,3125.303823,-0.0196,2786.276596,3105.196667,3286.3,3242.64,n.a.,n.a.,4970
AMF,20-Mar-12,3284.153963,-0.0955,n.a.,3148.380829,3456.653061,3690,n.a.,n.a.,3280
BUT,20-Mar-12,n.a.,n.a.,n.a.,n.a.,n.a.,n.a.,n.a.,n.a.,n.a.
BMP,20-Mar-12,n.a.,n.a.,n.a.,n.a.,n.a.,n.a.,n.a.,n.a.,n.a.
WMP,3-Apr-12,3227.413115,-0.0282,n.a.,3211.264286,3205.445455,3342.4,n.a.,n.a.,15250
SMP,3-Apr-12,3077.940101,-0.0075,2744.5,3023.543369,3330.484211,3344.2,n.a.,n.a.,5743
AMF,3-Apr-12,3583.383769,0.0831,n.a.,3389.5,3767.433921,4125,n.a.,n.a.,2908
BUT,3-Apr-12,n.a.,n.a.,n.a.,n.a.,n.a.,n.a.,n.a.,n.a.,n.a.
BMP,3-Apr-12,n.a.,n.a.,n.a.,n.a.,n.a.,n.a.,n.a.,n.a.,n.a.
WMP,17-Apr-12,2847.391533,-0.1102,n.a.,2765.869912,3097.416667,3097.619674,n.a.,n.a.,19937
SMP,17-Apr-12,2871.076755,-0.0756,2647.731278,2794.645966,3101.8,3167.361963,n.a.,n.a.,5967
AMF,17-Apr-12,3303.593216,-0.0691,n.a.,3170.054348,3494.361233,3750,n.a.,n.a.,3508
BUT,17-Apr-12,n.a.,n.a.,n.a.,n.a.,n.a.,n.a.,n.a.,n.a.,n.a.
BMP,17-Apr-12,n.a.,n.a.,n.a.,n.a.,n.a.,n.a.,n.a.,n.a.,n.a.
WMP,1-May-12,2776.357563,-0.0225,2754.762712,2743.746907,2838.1,2850.633245,2945,2905,19907
SMP,1-May-12,2729.595985,-0.0463,2519.942197,2674.758454,2801.461538,2991.333333,3035,2976.266667,6027
AMF,1-May-12,2851.710617,-0.1337,n.a.,2705.504587,3137.717122,3117.161017,3110.635135,3125,4361
BUT,1-May-12,n.a.,n.a.,n.a.,n.a.,n.a.,n.a.,n.a.,n.a.,n.a.
BMP,1-May-12,n.a.,n.a.,n.a.,n.a.,n.a.,n.a.,n.a.,n.a.,n.a.
WMP,15-May-12,2546.4912,-0.0894,n.a.,2487.927143,2749.3775,2599.95,2653.875,2744.766667,25000
SMP,15-May-12,2573.48013,-0.0551,2395,2552.322936,2711.913043,2692.5,2656.333333,2641.7,7675
AMF,15-May-12,2498.72093,-0.1185,n.a.,2392.239165,2757.705314,2677.054054,2779.256757,2721.036585,4515
BUT,15-May-12,n.a.,n.a.,n.a.,n.a.,n.a.,n.a.,n.a.,n.a.,n.a.
BMP,15-May-12,n.a.,n.a.,n.a.,n.a.,n.a.,n.a.,n.a.,n.a.,n.a.
WMP,5-Jun-12,2762.990004,0.0851,2649.46,2784.302508,2788.657143,2809.616788,2822.428571,2939.4,17908
SMP,5-Jun-12,3011.174028,0.2139,2655,3134.851705,3258.333333,2942.411111,2724.35,n.a.,5298
AMF,5-Jun-12,3095.544854,0.2494,n.a.,3392.769231,3102.777094,3101.967742,3016.662484,2860.25,3634
BUT,5-Jun-12,n.a.,n.a.,n.a.,n.a.,n.a.,n.a.,n.a.,n.a.,n.a.
BMP,5-Jun-12,2456.154562,-0.2668,n.a.,2515,2525,2295,n.a.,n.a.,537
WMP,19-Jun-12,2886.026578,0.0267,n.a.,2933.355795,2857.95,2850.876667,2868.73,3010.333333,12868
SMP,19-Jun-12,2833.892411,-0.0456,2735,2860.630414,2814.2,2867.944444,2805.45,n.a.,5363
AMF,19-Jun-12,3091.539897,-0.0096,n.a.,3138.604651,3049.16,3092.30303,3106.233333,3081.25,3484
BUT,19-Jun-12,n.a.,n.a.,n.a.,n.a.,n.a.,n.a.,n.a.,n.a.,n.a.
BMP,19-Jun-12,2509.473684,0.0238,n.a.,2530,2520,2475,n.a.,n.a.,475
WMP,3-Jul-12,2759.743461,-0.0411,2845.18,2720.752143,2728.444545,2786.332086,2832.236667,2942.17529,18886
SMP,3-Jul-12,2598.862952,-0.0972,2670,2590.627753,2600.843182,2593.27381,2588.021201,n.a.,9960
AMF,3-Jul-12,2744.697949,-0.1059,n.a.,2672.530598,2685.316206,2703.116883,2879.157895,2948.8,5413
BUT,3-Jul-12,n.a.,n.a.,n.a.,n.a.,n.a.,n.a.,n.a.,n.a.,n.a.
BMP,3-Jul-12,2482.844037,-0.0078,n.a.,2370,2600,2550,n.a.,n.a.,545
WMP,17-Jul-12,2584.054318,-0.0582,n.a.,2538.075,2547.440909,2634.457627,2714.866667,2762.375,17950
SMP,17-Jul-12,2727.063318,0.0495,2823.6,2802.871896,2687.478261,2697.339782,2585.588235,n.a.,10471
AMF,17-Jul-12,2845.071241,0.0332,n.a.,2881.602837,2822.046005,2784.610895,2830.744444,2980.28,5334
BUT,17-Jul-12,n.a.,n.a.,n.a.,n.a.,n.a.,n.a.,n.a.,n.a.,n.a.
BMP,17-Jul-12,2662.440147,0.0729,n.a.,2660,2685,2645,n.a.,n.a.,543
WMP,1-Aug-12,2675.125496,0.0345,2691.542811,2661.761792,2661.353125,2678.778571,2702.071429,2836.283852,26973
SMP,1-Aug-12,2805.29006,0.0327,2940,2779.563335,2793.344924,2787.966667,2877.8,n.a.,10946
AMF,1-Aug-12,2803.822562,-0.0124,n.a.,2891.788953,2805.725,2749.570688,2767.432065,2813.55,5168
BUT,1-Aug-12,n.a.,n.a.,n.a.,n.a.,n.a.,n.a.,n.a.,n.a.,n.a.
BMP,1-Aug-12,2415.695313,-0.0879,n.a.,2285,2505,2640,n.a.,n.a.,640
WMP,15-Aug-12,2869.585334,0.0702,n.a.,2860.993023,2860.708004,2880.034286,2913.152624,2938.685932,24574
SMP,15-Aug-12,3023.067149,0.0725,3308.248,2973.312191,2992.933662,2978.02,3031.530435,n.a.,10782
AMF,15-Aug-12,3172.586334,0.1384,n.a.,3132.919255,3102.886598,3109.563067,3257.699115,3567.727273,4054
BUT,15-Aug-12,n.a.,n.a.,n.a.,n.a.,n.a.,n.a.,n.a.,n.a.,n.a.
BMP,15-Aug-12,2667.54372,0.1018,n.a.,2565,2690,2870,n.a.,n.a.,629
WMP,4-Sep-12,2977.903592,0.0434,2917.52193,2978.142428,2985.491111,2993.738889,3016.77,3066.075758,37922
SMP,4-Sep-12,3210.780174,0.0757,3670,3152.142857,3220.020525,3274.766667,3191.05,n.a.,11036
AMF,4-Sep-12,3529.590226,0.1177,n.a.,3407.891304,3484.127858,3606.450939,3616.30625,4180,5259
BUT,4-Sep-12,n.a.,n.a.,n.a.,n.a.,n.a.,n.a.,n.a.,n.a.,n.a.
BMP,4-Sep-12,3090.559105,0.1597,n.a.,3070,3145,3085,n.a.,n.a.,626
WMP,18-Sep-12,3035.778307,0.0206,2930,3081.246073,2992.156748,3031.498889,3019.75,3057.425,35680
SMP,18-Sep-12,3339.412992,0.0462,3500,3301.563,3339.811765,3361.086957,3414.95,n.a.,10545
AMF,18-Sep-12,3198.921552,-0.0979,n.a.,3071.78487,3196.920024,3231.795455,3285.088235,3850,5953
BUT,18-Sep-12,n.a.,n.a.,n.a.,n.a.,n.a.,n.a.,n.a.,n.a.,n.a.
BMP,18-Sep-12,3028.846154,-0.0201,n.a.,2970,3125,3070,n.a.,n.a.,650
WMP,2-Oct-12,3166.875372,0.0275,3416.888889,3132.32,3088.6825,3110.011111,3271.913333,3327.9,36950
SMP,2-Oct-12,3308.697248,-0.0094,3706.8,3298.964602,3288.345455,3305.56,3196.466667,n.a.,10900
AMF,2-Oct-12,2982.460905,-0.0637,n.a.,2894.258873,2971.576087,2966.265306,3087.575758,3620,6075
BUT,2-Oct-12,n.a.,n.a.,n.a.,n.a.,n.a.,n.a.,n.a.,n.a.,n.a.
BMP,2-Oct-12,3143.797909,0.0381,n.a.,3085,3060,3385,n.a.,n.a.,574
WMP,16-Oct-12,3421.155615,0.0919,n.a.,3449.971667,3398.0475,3322.133333,3491.983528,3562.4,31957
SMP,16-Oct-12,3325.222587,0.0082,3317.597765,3314.901901,3315.003636,3351.565217,3394.366391,n.a.,9749
AMF,16-Oct-12,2879.147423,-0.031,n.a.,2735.95902,2884.698368,2977.275556,3049,3201.48,5976
BUT,16-Oct-12,n.a.,n.a.,n.a.,n.a.,n.a.,n.a.,n.a.,n.a.,n.a.
BMP,16-Oct-12,3288.75,0.0445,n.a.,3270,3335,3280,n.a.,n.a.,600
WMP,6-Nov-12,3351.582394,-0.0245,3448.16,3334.990323,3298.961111,3359.45,3415.7,3475.75,35500
SMP,6-Nov-12,3449.331886,0.0378,3496.933333,3450.486664,3445.225,3447,3400.72,n.a.,8524
AMF,6-Nov-12,3025.682676,0.0536,n.a.,2965,3033.959854,3044.66,3062.984536,3317.5,5830
BUT,6-Nov-12,n.a.,n.a.,n.a.,n.a.,n.a.,n.a.,n.a.,n.a.,n.a.
BMP,6-Nov-12,3510,0.0734,n.a.,3510,n.a.,n.a.,n.a.,n.a.,250
WMP,20-Nov-12,3275.93227,-0.0185,n.a.,3254.730323,3253.415886,3315.214286,3415.3,3469.337539,30415
SMP,20-Nov-12,3402.425458,-0.0158,3352,3384.120482,3415.138889,3451.259205,3449.4,3475,8351
AMF,20-Nov-12,3065.904092,0.012,n.a.,3019.846939,3050.137931,3051.77551,3177.575758,3327.188841,6183
BUT,20-Nov-12,n.a.,n.a.,n.a.,n.a.,n.a.,n.a.,n.a.,n.a.,n.a.
BMP,20-Nov-12,3615,0.084,n.a.,n.a.,3615,n.a.,n.a.,n.a.,247
WMP,4-Dec-12,3170.250275,-0.0346,3207.314,3157.373322,3148.271875,3169.034091,3222.283333,3297.473118,35401
SMP,4-Dec-12,3361.518662,-0.0117,3262.786667,3405.599255,3315.692308,3337.942857,3384.3,3298.2,8547
AMF,4-Dec-12,3196.781993,0.0375,n.a.,3126.752361,3199.4,3250.299587,3292.636746,3237,5087
BUT,4-Dec-12,n.a.,n.a.,n.a.,n.a.,n.a.,n.a.,n.a.,n.a.,n.a.
BMP,4-Dec-12,3615,0.0299,n.a.,3615,n.a.,n.a.,n.a.,n.a.,200
WMP,18-Dec-12,3147.268501,-0.0056,n.a.,3125.855,3146.196875,3180.627778,3176.833333,3297.115172,29903
SMP,18-Dec-12,3418.911478,0.0131,3395,3398.945885,3454.741602,3470.028571,3478.2,3372.2,8608
AMF,18-Dec-12,3180.248975,-0.0014,n.a.,3136.067762,3152.726904,3199.076923,3279.901961,3302.32,5121
BUT,18-Dec-12,n.a.,n.a.,n.a.,n.a.,n.a.,n.a.,n.a.,n.a.,n.a.
BMP,18-Dec-12,3600,-0.0041,n.a.,3600,n.a.,n.a.,n.a.,n.a.,200
WMP,2-Jan-13,3198.603496,0.0157,3206.555556,3183.468889,3204.252409,3219.263333,3230.05,3214.55,31006
SMP,2-Jan-13,3572.415873,0.0462,3609.8,3557.658333,3615.268421,3587.785714,3556.533333,3510,6300
AMF,2-Jan-13,3168.746161,-0.0023,n.a.,3120.366368,3131.07245,3224.088889,3270.88586,3341,4558
BUT,2-Jan-13,n.a.,n.a.,n.a.,n.a.,n.a.,n.a.,n.a.,n.a.,n.a.
BMP,2-Jan-13,3640,0.0111,n.a.,3640,n.a.,n.a.,n.a.,n.a.,184
WMP,16-Jan-13,3288.418407,0.0282,n.a.,3260.616667,3310.305976,3317.391667,3332.566667,3365.10929,25860
SMP,16-Jan-13,3552.482353,-0.0036,3490,3550.016807,3602.631579,3578.428571,3563,3518.75,6375
AMF,16-Jan-13,3252.895842,0.0244,n.a.,3193.394901,3310.625559,3235.716448,3324.208333,3437.5,4762
BUT,16-Jan-13,n.a.,n.a.,n.a.,n.a.,n.a.,n.a.,n.a.,n.a.,n.a.
BMP,16-Jan-13,3405,-0.0646,n.a.,3405,n.a.,n.a.,n.a.,n.a.,200
WMP,5-Feb-13,3468.071253,0.0535,3516.835,3446.054545,3459.122727,3500.104167,3454.15,n.a.,24420
SMP,5-Feb-13,3554.261263,0.0062,3353.291667,3538.04878,3702.966667,3686.75,3664.5,3648,6748
AMF,5-Feb-13,3500.499646,0.0723,n.a.,3499.069383,3505.303811,3499.109195,3493.243243,3509.368932,4233
BUT,5-Feb-13,n.a.,n.a.,n.a.,n.a.,n.a.,n.a.,n.a.,n.a.,n.a.
BMP,5-Feb-13,3530,0.0367,n.a.,3530,n.a.,n.a.,n.a.,n.a.,175
WMP,19-Feb-13,3654.491912,0.0582,n.a.,3638.807143,3667.157659,3665.875,3734.075,n.a.,18422
SMP,19-Feb-13,3591.619927,0.0093,3425,3569.91453,3716.408451,3696.140351,3701.631579,3621.473684,6062
AMF,19-Feb-13,3634.562035,0.04,n.a.,3631.389685,3649.631579,3609.271605,3656.567164,3657.368421,4030
BUT,19-Feb-13,3725.791969,n.a.,n.a.,3765,3690,3685,n.a.,n.a.,1793
BMP,19-Feb-13,3317.5,0.0411,n.a.,3317.5,n.a.,n.a.,n.a.,n.a.,400
WMP,5-Mar-13,4297.816229,0.1797,4360,4343.00625,4299.7375,4243.7,4222.676768,4075.714286,10475
SMP,5-Mar-13,3758.873048,0.0469,3482.020202,3704.643729,4070.970874,3903.029412,3777.411765,3773.058824,4419
AMF,5-Mar-13,3819.876456,0.0491,n.a.,3746.383333,3793,3985,4042.2103,3945,2833
BUT,5-Mar-13,4080.810956,0.0955,n.a.,4035,4120,4160,n.a.,n.a.,1862
BMP,5-Mar-13,4200,0.1429,n.a.,4200,n.a.,n.a.,n.a.,n.a.,200
WMP,19-Mar-13,5115.849091,0.2078,n.a.,5313.265,5403.669276,5170.699482,5199.708738,4285.05291,5447
SMP,19-Mar-13,4050.051443,0.0764,3507.877778,4018.678455,4375.506567,4352.243461,4191.690647,3882.235294,4471
AMF,19-Mar-13,4415.753952,0.1628,n.a.,4392.493438,4431.791667,4458.929766,4463.333333,4382.5,2467
BUT,19-Mar-13,4549.671053,0.1149,n.a.,4490,4545,4840,n.a.,n.a.,1824
BMP,19-Mar-13,3904.333333,0.0857,n.a.,3904.333333,n.a.,n.a.,n.a.,n.a.,375
WMP,2-Apr-13,5099.637505,0.0713,n.a.,5998.173278,5942.745098,6119.38,4795.725,4620.016667,4938
SMP,2-Apr-13,5141.754647,0.2855,3888.25,4776.894928,6025.058824,5561.859375,5623.046875,5537.222222,4035
AMF,2-Apr-13,4694.962287,0.0679,n.a.,4742.053571,4788.947368,4701.134021,4490.790323,4500.4,2519
BUT,2-Apr-13,4425.466077,-0.0269,n.a.,4384.911591,4425,4656.111111,n.a.,n.a.,1695
BMP,2-Apr-13,4595,0.0077,n.a.,4595,n.a.,n.a.,n.a.,n.a.,175
WMP,16-Apr-13,5245.123697,0.0251,n.a.,6283.028747,6052.29,6048.2,4877.37395,4838.2,4891
SMP,16-Apr-13,4757.19726,-0.039,4173.581296,4670.369577,5531.176471,5140.559322,4894.21875,4894.14,4963
AMF,16-Apr-13,4963.554097,0.0594,n.a.,5023.793543,5087.309783,5113.75,4732.419355,4608.636364,2514
BUT,16-Apr-13,4720.720721,0.0676,n.a.,4640,4780,5000,n.a.,n.a.,1665
BMP,16-Apr-13,3982.146172,0.0131,n.a.,3982.146172,n.a.,n.a.,n.a.,n.a.,431
WMP,1-May-13,4720.993827,-0.1009,n.a.,6001.211454,5516.869688,4595.76,4518.055648,4567.411397,8100
SMP,1-May-13,4279.674738,-0.0982,4005.489883,4223.621533,4800.454545,4403.864706,4275.933333,n.a.,4873
AMF,1-May-13,4674.94768,-0.053,n.a.,4795.140845,4790.5,4629.178082,4410.8,4463.008299,2198
BUT,1-May-13,4409.020619,-0.0664,n.a.,4575,4225,4250,n.a.,n.a.,1455
BMP,1-May-13,4500,-0.0333,n.a.,4500,n.a.,n.a.,n.a.,n.a.,195
WMP,15-May-13,4722.396065,-0.0171,n.a.,6151.217482,5682.802419,4412.066667,4388.4,4460.5,9453
SMP,15-May-13,4252.450861,-0.0305,3860.114504,4352.531368,4522.716981,4196.333333,4176.244813,n.a.,4121
AMF,15-May-13,4597.672018,-0.0005,n.a.,4761.848984,4826.8,4493.939394,4281.628571,4255.86,2180
BUT,15-May-13,3846.005564,-0.1247,n.a.,3890,3820,3796.845018,n.a.,n.a.,1258
BMP,15-May-13,3876,-0.0511,n.a.,3876,n.a.,n.a.,n.a.,n.a.,500
WMP,4-Jun-13,4643.05298,-0.0698,5239.579571,5250.477059,4488.471429,4337.625714,4386.7375,4532.583333,13590
SMP,4-Jun-13,4163.955069,-0.0285,3679.357143,4116.358811,4351.756098,4270.395315,4304.319307,n.a.,6254
AMF,4-Jun-13,4477.578558,-0.0476,n.a.,5070,4823.04878,4347.384615,4220.333333,4184,2164
BUT,4-Jun-13,3742.728927,-0.0257,n.a.,3830,3690,3675,n.a.,n.a.,1649
BMP,4-Jun-13,4410,0.0328,n.a.,4410,n.a.,n.a.,n.a.,n.a.,305
WMP,18-Jun-13,4668.405513,0.0223,4065,5007.039216,4688.914662,4554.44,4442,4610.687974,12515
SMP,18-Jun-13,4283.819936,0.0302,3793.360996,4294.612795,4523.964143,4336.954858,4306.54321,n.a.,6220
AMF,18-Jun-13,4589.195076,0.0184,n.a.,5332.018349,5298.714286,4289.103393,4204.049658,4241.982759,2112
BUT,18-Jun-13,3925,0.0472,n.a.,4015,3840,3906.574074,n.a.,n.a.,1770
BMP,18-Jun-13,4315,-0.0215,n.a.,4315,n.a.,n.a.,n.a.,n.a.,293
WMP,2-Jul-13,4756.797951,0.0013,5286.681373,4776.526237,4642.041667,4645.35625,4731.05,4755.313765,21569
SMP,2-Jul-13,4440.959945,0.0319,3874.545455,4459.280127,4669.965238,4492.304598,4513.125,n.a.,9537
AMF,2-Jul-13,4644.874016,0.0094,n.a.,5135.411765,5046,4407.5,4369.666667,4725,3175
BUT,2-Jul-13,3707.466598,-0.057,3660,3720,3680.605405,3745,n.a.,n.a.,2919
BMP,2-Jul-13,4609.797297,0.0603,n.a.,4575,4580,4710,n.a.,n.a.,370
WMP,16-Jul-13,5057.946429,0.0762,4170,5381.669421,4911.533333,4883.4875,4938.2,5019.5,19600
SMP,16-Jul-13,4565.812896,0.0343,3908.703704,4580.979251,4691.975248,4760.703297,4790.154639,n.a.,10112
AMF,16-Jul-13,4741.634483,0.0366,n.a.,5309.032258,4737.961538,4693.459821,4628.529412,4492.635135,3625
BUT,16-Jul-13,3693.412427,-0.0032,3835,3695,3670,3725,n.a.,n.a.,2929
BMP,16-Jul-13,4825.789474,0.0476,n.a.,4815,4805,4885,n.a.,n.a.,380
WMP,6-Aug-13,5021.470897,-0.016,5547.539448,4963.587189,4992.721731,5050.158333,5004.955534,5032.700205,39102
SMP,6-Aug-13,4451.024691,-0.03,4034.9125,4466.421435,4412.435103,4683.492429,4622.361702,n.a.,11745
AMF,6-Aug-13,4612.110404,-0.049,n.a.,4703.765141,4624.388046,4634.124016,4474.1,4340.12,4556
BUT,6-Aug-13,3499.31182,-0.055,3675,3356.114152,3581.298701,3760,n.a.,n.a.,2572
BMP,6-Aug-13,4641.069959,0.004,n.a.,4528.333333,4920,4710,n.a.,n.a.,486
WMP,20-Aug-13,5123.581768,0.027,4005,5188.415663,5083.692,5110.289286,5085.975,5073.027027,35925
SMP,20-Aug-13,4425.962794,-0.007,4408.125,4348.936642,4439.821641,4556.384615,4600.828025,n.a.,11181
AMF,20-Aug-13,4931.426686,0.071,n.a.,5010.943252,4989.869609,4923.456865,4771.175,4819.506173,4167
BUT,20-Aug-13,3614.057361,0.033,3515,3675,3552.207792,3590,n.a.,n.a.,2493
BMP,20-Aug-13,4688.75,-0.031,n.a.,4660,4680,4755,n.a.,n.a.,400
WMP,3-Sep-13,5058.007291,-0.017,5345.110837,5017.058,5051.577143,5044.89,5020.508333,5230,32230
SMP,3-Sep-13,4420.437641,-0.008,4130.429787,4387.388112,4471.80949,4576.895425,4631.086957,n.a.,11939
AMF,3-Sep-13,5109.207364,0.031,n.a.,5040.708333,5234.018476,5129.201681,4970.125,5345,3911
BUT,3-Sep-13,3709.666085,0.027,3655,3687.378641,3747.791667,3726.452991,n.a.,n.a.,2291
BMP,3-Sep-13,4566.203091,0.003,n.a.,4468.148148,4695,4730,n.a.,n.a.,453
WMP,17-Sep-13,5095.923115,0.011,n.a.,5115.436606,5109.43871,5051.381766,5068.476667,5176.07582,26156
SMP,17-Sep-13,4329.76007,-0.017,4089.555556,4302.186293,4381.267361,4449.755614,4745,n.a.,10899
AMF,17-Sep-13,4939.960956,-0.033,n.a.,4891.782658,4971.248541,4884.174365,4889.35,5465,4226
BUT,17-Sep-13,3910.550258,0.052,3735,3915,3885,3955,n.a.,n.a.,2517
BMP,17-Sep-13,4805,0.022,n.a.,4790,4820,4820,n.a.,n.a.,300
WMP,1-Oct-13,5208.213224,0.023,n.a.,5266.44613,5161.060336,5164.893617,5182.988145,5427.222222,24547
SMP,1-Oct-13,4491.118494,0.039,4278.596103,4467.626331,4539.077626,4586.401869,4575,5085,10836
AMF,1-Oct-13,5061.633216,0.027,n.a.,5061.53277,5043.121951,5125.706522,5038.997934,5066.8,3986
BUT,1-Oct-13,3915.14441,0.001,3970,3965,3875,3810,n.a.,n.a.,2943
BMP,1-Oct-13,4695.229885,0.027,n.a.,4486.914894,4930,4950,n.a.,n.a.,435
WMP,15-Oct-13,5058.156937,-0.029,n.a.,5137.117069,5024.068162,4982.349345,4963.907035,5226.315789,23347
SMP,15-Oct-13,4540.862542,0.007,4408.79397,4580.319496,4480.755556,4530.362319,4573.90411,4980,9843
AMF,15-Oct-13,5007.155284,-0.012,n.a.,4988.545714,5027.043902,5015.425532,4972.510204,5225,3851
BUT,15-Oct-13,3779.951577,-0.035,4185,3751.336971,3795,3805,n.a.,n.a.,3614
BMP,15-Oct-13,4680.468278,-0.052,n.a.,4685,4670,4685,n.a.,n.a.,331
WMP,5-Nov-13,4891.049507,-0.037,5047.066667,4838.046277,4865.732143,4922.307143,5098.888889,5207.777778,28885
SMP,5-Nov-13,4559.336807,0.005,4245,4638.813591,4599.619238,4445.559623,4425.920245,4817.536232,10653
AMF,5-Nov-13,5343.272148,0.069,n.a.,5345.263956,5345.209003,5341.900212,5336.829268,5335,3296
BUT,5-Nov-13,3528.737617,-0.07,3850,3508.191925,3530,3500,n.a.,n.a.,3533
BMP,5-Nov-13,4523.503254,0.018,n.a.,4444.141274,4810,n.a.,n.a.,n.a.,461
WMP,19-Nov-13,4869.755002,0,n.a.,4864.914618,4844.202778,4863.157143,5054.2,5185,32388
SMP,19-Nov-13,4582.537555,0.007,4435.397219,4587.1813,4593.879358,4623.561224,4582.653061,4781.65625,10185
AMF,19-Nov-13,5255.350365,-0.016,n.a.,5279.321534,5321.377953,5245.75,5127.222222,5116.724138,3425
BUT,19-Nov-13,3582.852229,0.017,3850,3570,3590,3545,n.a.,n.a.,3634
BMP,19-Nov-13,4753.333333,-0.001,n.a.,4730,4800,n.a.,n.a.,n.a.,300
WMP,3-Dec-13,5035.286356,0.034,5024.94,5000.282051,5081.11,5120.783333,5081.202091,n.a.,34485
SMP,3-Dec-13,4790.811534,0.056,4557.918552,4801.918295,4781.300757,4816.11236,4918.098592,5745,8219
AMF,3-Dec-13,5395.37928,0.027,n.a.,5383.517241,5440.338645,5392.123288,5283.311688,5610,3388
BUT,3-Dec-13,3750.249373,0.045,4055,3740.274194,3735,3695,n.a.,n.a.,3188
BMP,3-Dec-13,4630.333333,0.046,n.a.,4575,4990,n.a.,n.a.,n.a.,375
WMP,17-Dec-13,4958.137271,-0.015,n.a.,4902.555556,5001.065625,5087.2,5121.366667,n.a.,30050
SMP,17-Dec-13,4868.153566,0.017,4965.122494,4782.279819,4908.358065,4901.095951,4946.048387,5012.017544,9058
AMF,17-Dec-13,5667.966867,0.044,n.a.,5556.609529,5636.904762,5750,5915,6385,3320
BUT,17-Dec-13,4050.895594,0.079,3980,4060,4080,4010.881743,n.a.,n.a.,3132
BMP,17-Dec-13,5070,0.022,n.a.,5045,5195,n.a.,n.a.,n.a.,150
WMP,7-Jan-14,4934.431126,-0.006,4957.113474,4892.875862,4959.525,4990.9,5102.875,n.a.,29532
SMP,7-Jan-14,4687.515688,-0.034,4630.611111,4780.689655,4772.170014,4580.852018,4522.1875,4500.348259,7968
AMF,7-Jan-14,5538.25596,-0.018,n.a.,5519.836066,5576.145251,5463.491379,5611.363636,5825,3985
BUT,7-Jan-14,4222.68866,0.051,3925,4272.617188,4256.538462,4355,n.a.,n.a.,2425
BMP,7-Jan-14,4538.945409,0.005,n.a.,4499.52381,5135,n.a.,n.a.,n.a.,403
WMP,21-Jan-14,4942.612713,0.001,n.a.,4920.694254,4961.35,4970.974286,5047.001067,n.a.,25485
SMP,21-Jan-14,4698.247006,-0.005,4513.26087,4722.917981,4818.042688,4655,4764.966667,4706.25,6931
AMF,21-Jan-14,5640.878748,0.022,n.a.,5615.53379,5699.547591,5626.181034,5621.564885,5795,3835
BUT,21-Jan-14,4657.115677,0.108,4435,4793.035714,4655.717703,4680,n.a.,n.a.,2628
BMP,21-Jan-14,5244.433498,0.03,n.a.,5290,5105,n.a.,n.a.,n.a.,203
WMP,4-Feb-14,5004.520651,0.014,4971.233,4987.149669,5060.665888,5027.177778,5058.89,n.a.,19224
SMP,4-Feb-14,4746.018082,0,4477.716325,4788.912685,4752.679612,4703.948718,4918.257576,4837.66129,7853
AMF,4-Feb-14,5569.335303,-0.012,n.a.,5499.260776,5643.756121,5646.564039,5705.943396,5950,4062
BUT,4-Feb-14,4745.035444,0.026,4355,4838.279352,4905.272408,5025,n.a.,n.a.,2116
BMP,4-Feb-14,4774.924433,-0.012,n.a.,4722.5,5285,n.a.,n.a.,n.a.,397
WMP,18-Feb-14,4998.992541,-0.003,n.a.,4972.061448,5007.787264,5022.746154,5132.154696,n.a.,18100
SMP,18-Feb-14,4779.874397,-0.001,4407.595556,4901.359584,4874.13836,4698.965517,4826.231884,4675.304,7882
AMF,18-Feb-14,5313.762933,-0.045,n.a.,5292.723126,5343.46087,5385.423529,5225,5550,4446
BUT,18-Feb-14,4585.899827,-0.038,4175,4654.420732,4677.272727,5045,n.a.,n.a.,2306
BMP,18-Feb-14,5355,0.031,n.a.,5315,5455,n.a.,n.a.,n.a.,175
WMP,4-Mar-14,4702.755227,-0.057,4644.075,4669.957329,4685.52,4843.295292,5057.466667,5026.986667,22862
SMP,4-Mar-14,4658.126687,-0.039,4371.666667,4718.834623,4768.220339,4635,4614.666667,4585.925926,10001
AMF,4-Mar-14,5126.368341,-0.035,n.a.,5067.829708,5115.431925,5304.724138,5313.9,5400,3961
BUT,4-Mar-14,4745.895815,0.039,4250,4975,4834.355628,4825,n.a.,n.a.,2294
BMP,4-Mar-14,4791.647564,-0.058,n.a.,4718.344482,5230,n.a.,n.a.,n.a.,349
WMP,18-Mar-14,4439.25317,-0.058,n.a.,4383.350679,4456.102836,4489.614,4783.16,4641,19951
SMP,18-Mar-14,4583.905961,-0.017,4365.555556,4672.782555,4686.192513,4565.972222,4482.631579,4382.956778,10283
AMF,18-Mar-14,4578.416774,-0.107,n.a.,4550.504819,4599.362694,4612.512019,4669.4,4635,3875
BUT,18-Mar-14,4534.18768,-0.044,4501.122449,4575.428571,4479.397163,4650,n.a.,n.a.,3133
BMP,18-Mar-14,5253.333333,0.046,n.a.,5245,5295,n.a.,n.a.,n.a.,150
WMP,1-Apr-14,4032.550629,-0.084,3975.884293,3951.265789,4089.04816,4720,4377.725,4167.9,21381
SMP,1-Apr-14,4126.479793,-0.096,4216.968641,4132.552987,4152.173913,4177.503439,4071.596639,4037.637131,10417
AMF,1-Apr-14,4061.806697,-0.113,n.a.,4037.508888,4089.107143,4086.339286,4088.510638,4216.138614,3285
BUT,1-Apr-14,4040.012263,-0.11,4370,3953.488372,3841.647059,4155,n.a.,n.a.,2854
BMP,1-Apr-14,4210.882353,-0.15,n.a.,4210.882353,n.a.,n.a.,n.a.,n.a.,204
WMP,15-Apr-14,3990.287606,-0.016,n.a.,3913.268116,4029.316667,4222.575,4227.977778,4165.6,17750
SMP,15-Apr-14,3969.251152,-0.044,4000,3949.283199,3940.695351,4008.988764,4069.021739,4047.357664,9982
AMF,15-Apr-14,4085.826377,0.006,n.a.,4068.0875,4092.8,4098.823529,4105.669014,4227.222222,3594
BUT,15-Apr-14,3832.397695,-0.049,4050,3790.782907,3745.444444,3785,n.a.,n.a.,3470
BMP,15-Apr-14,4075,-0.086,n.a.,4075,n.a.,n.a.,n.a.,n.a.,185
WMP,6-May-14,3928.391796,-0.017,3872.231134,3948.355705,4046.618182,3927.609091,3924.22,3873.983333,20526
SMP,6-May-14,3873.008678,-0.023,3850,3848.834333,3896.010417,3962.226891,3951.724138,3917.702703,10601
AMF,6-May-14,4170.033359,0.024,n.a.,4176.968085,4213.707865,4213.157895,4089.75,4136.542553,2548
BUT,6-May-14,3891.625954,0.016,4217.807018,3839.642564,3775,3766.441441,3790,n.a.,3275
BMP,6-May-14,3713.195991,-0.012,n.a.,3713.195991,n.a.,n.a.,n.a.,n.a.,449
WMP,20-May-14,3876.979098,-0.011,n.a.,3796.014783,3937.47889,3924.581818,3922.281818,3996.854725,15070
SMP,20-May-14,3732.983696,-0.035,3987,3639.805589,3857.69802,3924.95935,3947.327586,4020.612648,12451
AMF,20-May-14,4255.012896,0.019,n.a.,4258.75,4238.815331,4249.7,4265.5,4271,2714
BUT,20-May-14,3666.500822,-0.038,4310,3646.750806,3584.4,3620.854801,3661.428571,n.a.,2432
BMP,20-May-14,3950,-0.019,n.a.,3950,n.a.,n.a.,n.a.,n.a.,140
WMP,3-Jun-14,3594.286684,-0.085,4102.950153,3609.212886,3493.875294,3557.540139,3588.302326,3616.115385,19893
SMP,3-Jun-14,3863.289881,0.021,4050,3858.739021,3832.715856,3774.431373,3869.693878,3963.390805,10011
AMF,3-Jun-14,4057.685441,-0.05,n.a.,3987.956465,3991.900312,4177.176471,4157.65,4210.6,3977
BUT,3-Jun-14,3634.262056,0,4555,3645,3473.333333,3610,3735,n.a.,2053
BMP,3-Jun-14,3628.333333,-0.019,n.a.,3628.333333,n.a.,n.a.,n.a.,n.a.,450
WMP,17-Jun-14,3658.27517,0.024,n.a.,3715.366197,3655.210169,3640.291667,3616.729167,3678.95,14700
SMP,17-Jun-14,3854.917006,-0.002,3981.914894,3843.523933,3879.366824,3810.431373,3847.926829,3859.976852,9820
AMF,17-Jun-14,3898.218482,-0.038,n.a.,3826.291667,3900.772727,3974.752531,3960.91,4097.29927,4426
BUT,17-Jun-14,3699.25979,0.018,4720,3711.360544,3645,3670,3595,n.a.,2094
BMP,17-Jun-14,4535,0.17,n.a.,4535,n.a.,n.a.,n.a.,n.a.,190
WMP,1-Jul-14,3459.029955,-0.054,3770,3405.058291,3418.123,3440.873457,3489.283942,3658.605263,22834
SMP,1-Jul-14,3810.3447,-0.009,3895.408163,3821.164946,3826.109023,3764.724771,3748.035176,3782.608696,9472
AMF,1-Jul-14,3605.57629,-0.074,n.a.,3617.413278,3618.930269,3538.246102,3630.017452,3671,4555
BUT,1-Jul-14,3180.580862,-0.136,4875,3165,3100,3120,3200,n.a.,2832
BMP,1-Jul-14,4134.61165,0.04,n.a.,3923.214286,4680,4280,n.a.,n.a.,515
WMP,15-Jul-14,3088.420718,-0.109,n.a.,3090.49265,3082.190769,3042.034286,3073.762222,3423.052632,19664
SMP,15-Jul-14,3515.763723,-0.071,3850,3478.088543,3508.813161,3612.238095,3542.684211,3534.891304,8380
AMF,15-Jul-14,3249.631832,-0.1,n.a.,3198.140625,3222.58829,3289.357143,3372.583149,3475.44,3952
BUT,15-Jul-14,3144.012784,-0.011,4800,3115,3035.355556,3125,3195,n.a.,2816
BMP,15-Jul-14,4425.509915,-0.046,n.a.,4485,4360,4440,n.a.,n.a.,353
WMP,5-Aug-14,2724.898332,-0.115,2927.307692,2655.446701,2698.915033,2747.911201,2779.537879,3093.275,28721
SMP,5-Aug-14,3263.700066,-0.065,3051.473297,3165.47191,3315.113793,3420.853816,3376.125,3464.714286,10589
AMF,5-Aug-14,3456.687352,0.06,n.a.,3467.84,3428.536813,3452.045455,3484.388021,3521.102362,3384
BUT,5-Aug-14,2800.450777,-0.096,n.a.,2775,2780,2890,2775,n.a.,2895
BMP,5-Aug-14,3852.142857,-0.101,n.a.,3770,3950,4035,n.a.,n.a.,490
WMP,19-Aug-14,2804.261625,0.034,n.a.,2755.184615,2807.411765,2846.908557,2836.331818,2901.076923,27635
SMP,19-Aug-14,2873.596894,-0.12,n.a.,2806.388363,2880.026087,2929.492188,2999.925,3098.614286,9789
AMF,19-Aug-14,3566.236433,0.036,n.a.,3582.71495,3569.824047,3550.336134,3527.8,3557.68,3409
BUT,19-Aug-14,2939.752511,0.049,n.a.,2985,2797.222222,3025,3050,n.a.,2788
BMP,19-Aug-14,3885.984655,-0.025,n.a.,3895,3865,3910,n.a.,n.a.,391
WMP,2-Sep-14,2672.538209,-0.043,2670.692,2619.738286,2664.517339,2722.471813,2841.404494,2886.266667,36183
SMP,2-Sep-14,2599.716949,-0.095,2707.627119,2516.894915,2623.909091,2684.637097,2775.9,3155.5,11906
AMF,2-Sep-14,3360.354048,-0.058,n.a.,3310.745729,3357.1875,3401.1,3448.5625,3539.4,3347
BUT,2-Sep-14,2753.458837,-0.056,n.a.,2565,2816.275,3010,3085,n.a.,2563
BMP,2-Sep-14,3173.809524,-0.129,n.a.,3013.846154,3385,3580,n.a.,n.a.,525
WMP,16-Sep-14,2691.954502,0.006,n.a.,2670.308504,2696.273171,2694.197917,2722.536585,2872.8125,30023
SMP,16-Sep-14,2619.058734,0.009,2531.778523,2600.980043,2660.211182,2595.493333,2602.763905,2827.75,11782
AMF,16-Sep-14,3264.301938,-0.022,n.a.,3233.861681,3251.30799,3301.354167,3313.051948,3394.466667,3302
BUT,16-Sep-14,2697.535875,-0.025,n.a.,2645,2700,2706.333333,2895,n.a.,2439
BMP,16-Sep-14,3140.179949,-0.069,n.a.,3130,3115,3265,n.a.,n.a.,389
WMP,1-Oct-14,2443.30024,-0.1,2721.65,2404.613333,2415.569929,2427.041227,2455.3125,2756.4,34146
SMP,1-Oct-14,2540.209734,-0.027,2409.75,2519.17846,2559.425081,2584.671111,2678.063158,2665,11896
AMF,1-Oct-14,3117.136262,-0.05,n.a.,2987.123288,3201.205674,3231.263158,3243.151596,3348.8,3141
BUT,1-Oct-14,2513.68669,-0.066,n.a.,2630,2480.542784,2385,2460,n.a.,2547
BMP,1-Oct-14,2722.89749,-0.113,n.a.,2638.298817,2890,3020,n.a.,n.a.,478
WMP,15-Oct-14,2503.150245,0.031,n.a.,2470.089238,2500.62766,2501.363208,2554.60625,2783.135714,30550
SMP,15-Oct-14,2462.320652,-0.036,n.a.,2422.591292,2477.198198,2544.238833,2599.565217,2663.333333,11040
AMF,15-Oct-14,3345.512346,0.074,n.a.,3323.777778,3329.563046,3335.5,3423.40617,3461,3240
BUT,15-Oct-14,2613.798752,0.039,n.a.,2605,2585,2638.972477,2670,n.a.,2564
BMP,15-Oct-14,2685.075075,-0.038,n.a.,2640,2720,2745,n.a.,n.a.,333
WMP,4-Nov-14,2521.879658,0.016,2547.183623,2469.171875,2505.627346,2664.177778,2793.523077,2788,27372
SMP,4-Nov-14,2456.503098,-0.012,n.a.,2423.972163,2475.192771,2437.910345,2616.044444,2822,8870
AMF,4-Nov-14,3292.488809,-0.016,n.a.,3252.603571,3303.2,3273.357964,3371.968326,3454.666667,3351
BUT,4-Nov-14,2505.295567,-0.041,n.a.,2525,2425,2530,2600,n.a.,2233
BMP,4-Nov-14,2426.410835,-0.069,n.a.,2415.275,2530,n.a.,n.a.,n.a.,443
WMP,18-Nov-14,2399.724789,-0.051,n.a.,2352.849715,2410.771259,2446.611111,2691.423077,2708.95,22292
SMP,18-Nov-14,2299.289434,-0.057,n.a.,2230.113333,2363.087669,2421.303448,2478.111111,2740.714286,8716
AMF,18-Nov-14,3489.500154,0.061,n.a.,3458.961538,3497.1875,3522.863636,3496.056645,3575.352113,3251
BUT,18-Nov-14,2656.238318,0.06,n.a.,2635,2700,2620,2690,n.a.,2140
BMP,18-Nov-14,2511,0.014,n.a.,2475,2655,n.a.,n.a.,n.a.,250
WMP,2-Dec-14,2229.045205,-0.071,2372.148318,2136.511811,2208.269444,2410.883921,2659.449728,2781.361868,25550
SMP,2-Dec-14,2423.291085,0.057,n.a.,2364.347643,2397.395833,2552.627737,2707.462908,2920,5799
AMF,2-Dec-14,3816.812281,0.09,n.a.,3794.393399,3823.998599,3828.320611,3831.754386,3903.858696,2850
BUT,2-Dec-14,2849.194561,0.073,n.a.,2890,2781.125,2870,2865,n.a.,1912
BMP,2-Dec-14,2560,0.088,n.a.,2530,2740,n.a.,n.a.,n.a.,350
WMP,16-Dec-14,2270.291131,0.014,n.a.,2232.133511,2239.268212,2338.264583,2421.38,2458.85,21468
SMP,16-Dec-14,2319.591769,-0.032,n.a.,2254.592105,2384.266667,2463.836364,2475.722892,2585,6026
AMF,16-Dec-14,4199.590495,0.108,n.a.,4211.293176,4212.766667,4222.378731,4127.825,4122.12766,2967
BUT,16-Dec-14,3144.782051,0.104,n.a.,3171.2,3140.666667,3106.3125,3135,n.a.,1950
BMP,16-Dec-14,2465.833333,-0.095,n.a.,2425,2670,n.a.,n.a.,n.a.,180
WMP,6-Jan-15,2306.841494,0.016,2267.054858,2266.652778,2319.394231,2379.372523,2379.013333,2418.666667,21097
SMP,6-Jan-15,2385.534021,0.028,n.a.,2326.776667,2455.4125,2469,2511.085714,2559,4948
AMF,6-Jan-15,4493.173205,0.068,n.a.,4508.615385,4521.052632,4459.654545,4420.457413,4495.925926,3008
BUT,6-Jan-15,3558.404997,0.132,n.a.,3575,3565,3392.142857,3855,n.a.,1721
BMP,6-Jan-15,2735.642202,0.105,n.a.,2715,2805,n.a.,n.a.,n.a.,340
WMP,20-Jan-15,2402.054734,0.038,n.a.,2347.877301,2412.862745,2464.369565,2522.25,2464.8002,18051
SMP,20-Jan-15,2389.075726,0.01,n.a.,2331.979378,2434.906383,2481.421725,2497.358209,2508.828571,5465
AMF,20-Jan-15,4285.716225,-0.05,n.a.,4289.335237,4286.613111,4285.281307,4231.5,4410.659341,2946
BUT,20-Jan-15,3564.493318,0.001,n.a.,3605,3560,3470,3600,n.a.,1796
BMP,20-Jan-15,2558.612565,-0.064,n.a.,2535,2645,n.a.,n.a.,n.a.,191
WMP,3-Feb-15,2873.822221,0.192,2860,2865.985294,2864.773624,2901.756098,2900.460922,2883.227092,15958
SMP,3-Feb-15,2597.508639,0.067,n.a.,2567.753488,2628.50046,2581.181818,2670.16035,2681.222222,4630
AMF,3-Feb-15,4066.654439,-0.054,n.a.,4038.479167,4084.785714,4088.45,4075.609756,4166.875,2726
BUT,3-Feb-15,3783.052109,0.061,n.a.,3855.607143,3780.735931,3644.707692,3745,n.a.,1612
BMP,3-Feb-15,2436.06383,-0.004,n.a.,2392.5,2685,n.a.,n.a.,n.a.,470
WMP,17-Feb-15,3272.458481,0.137,n.a.,3242.342857,3261.717391,3243.518519,3342.267366,3411.605128,12103
SMP,17-Feb-15,2743.64098,0.057,n.a.,2719.075,2761.005435,2705.878788,2848.185714,2841.74,4529
AMF,17-Feb-15,4313.596298,0.064,n.a.,4281.491405,4326.071429,4334.857143,4358.9,4387.5,2269
BUT,17-Feb-15,3822.911005,0.011,n.a.,3795,3825.900424,3835,3940,n.a.,1472
BMP,17-Feb-15,2673.552124,0.019,n.a.,2675,2670,n.a.,n.a.,n.a.,259
WMP,3-Mar-15,3241.23375,-0.01,3227.3,3244.933252,3240.106494,3262.817869,3238.933333,3228.075,12000
SMP,3-Mar-15,2935.150868,0.059,n.a.,2910.295587,2988.901099,2880.272727,2968.341837,2947,4163
AMF,3-Mar-15,4236.958373,-0.022,n.a.,4246.324324,4188.249567,4258.947368,4248.275,4322.874016,2114
BUT,3-Mar-15,3911.857765,0.025,n.a.,3930,3825,4005,4075,n.a.,1378
BMP,3-Mar-15,2681.029083,0.068,n.a.,2620.752688,2980,n.a.,n.a.,n.a.,447
WMP,17-Mar-15,2927.719603,-0.096,n.a.,2867.795812,2977.015625,3008.416667,2951.883333,3001.9,10075
SMP,17-Mar-15,2731.450139,-0.055,n.a.,2662.731239,2934.724638,2697.422222,2734.688279,2708.257143,4168
AMF,17-Mar-15,3877.482135,-0.084,n.a.,3871.870897,3748.125,4000,4081.5,4082.121212,2379
BUT,17-Mar-15,3555.133758,-0.094,n.a.,3555,3495,3602.51004,3650,3735,1570
BMP,17-Mar-15,2635,-0.116,n.a.,n.a.,2635,n.a.,n.a.,n.a.,275
WMP,1-Apr-15,2538.114562,-0.133,n.a.,2469.078947,2575.012,2594.936061,2580.125,2591.8,12395
SMP,1-Apr-15,2467.353017,-0.099,n.a.,2430.499533,2646.923077,2610.810811,2416.4,2383.7,4882
AMF,1-Apr-15,3662.982589,-0.053,n.a.,3669.222821,3652.55597,3670.333333,3671.444444,3649.625,2642
BUT,1-Apr-15,3258.846154,-0.076,n.a.,n.a.,3205,3380,n.a.,n.a.,1625
BMP,1-Apr-15,2130,-0.251,n.a.,2130,n.a.,n.a.,n.a.,n.a.,435
WMP,15-Apr-15,2445.646204,-0.043,n.a.,2415.293569,2433.992647,2468.56,2477.5625,2538.45,13765
SMP,15-Apr-15,2253.424482,-0.078,1975,2185.623529,2296.894118,2274.32,2521.976744,2499.804928,5449
AMF,15-Apr-15,3743.536079,0.023,n.a.,3747.922662,3744.294118,3781.363636,3706.444444,3702.567568,2647
BUT,15-Apr-15,3026.23061,-0.066,n.a.,2965,3040,3056.8,3175,3183.673469,1934
BMP,15-Apr-15,2207.723577,0.021,n.a.,2175,2290,n.a.,n.a.,n.a.,246
WMP,5-May-15,2385.812546,-0.018,n.a.,2339.628331,2424.35,2442.65,2436.35,2436.55,13630
SMP,5-May-15,2047.706926,-0.075,1845,2040.31388,2061.888,2096.454545,n.a.,2200,7211
AMF,5-May-15,3504.909253,-0.063,n.a.,3503.956522,3485.073529,3498.665835,3530.224274,3542.375,2810
BUT,5-May-15,3004.79034,-0.008,n.a.,2985.8,2930,3165,3023.825,3120,1884
BMP,5-May-15,1748.090452,-0.14,n.a.,1748.090452,n.a.,n.a.,n.a.,n.a.,597
WMP,19-May-15,2390.030116,-0.005,n.a.,2334.916667,2425.376851,2428.3,2439.21875,2440.525,12286
SMP,19-May-15,1991.987661,-0.036,1870,1971.718372,1989.220408,2051.222015,2060.9,2087.2,7556
AMF,19-May-15,3336.661437,-0.048,n.a.,3334.638865,3342.530488,3326,3311.274752,3407.625,3187
BUT,19-May-15,2911.160131,-0.032,n.a.,2890,2910,2905,2980,3020,1836
BMP,19-May-15,1930,0.032,n.a.,1930,n.a.,n.a.,n.a.,n.a.,291
WMP,2-Jun-15,2308.963916,-0.031,2218.862251,2271.618852,2319.271015,2328.04386,2371.2125,2431.625,14106
SMP,2-Jun-15,1982.49536,-0.013,1885,1924.425043,1961.270417,2020.52,2053.15,2123.536364,6078
AMF,2-Jun-15,3112.498675,-0.074,n.a.,3058.217993,3112.305122,3116.103286,3157.659409,3249.444444,3774
BUT,2-Jun-15,2619.487952,-0.1,n.a.,2660,2585,2563.555556,2625,2745,2324
BMP,2-Jun-15,1795,-0.07,n.a.,1795,n.a.,n.a.,n.a.,n.a.,374
WMP,16-Jun-15,2327.192648,-0.001,n.a.,2335.264,2329.373333,2323.7,2293.225,2380.235356,9956
SMP,16-Jun-15,1977.72999,-0.002,1880,1930.341147,1933.608696,2006.72,2086.333333,2094.656947,6038
AMF,16-Jun-15,2813.89648,-0.089,n.a.,2777.071429,2790.840909,2828.966667,2860.07485,2943.92,4318
BUT,16-Jun-15,2707.350565,0.033,n.a.,2684.9,2720,2660.51,2700,3000,2476
BMP,16-Jun-15,1975,0.1,n.a.,1975,n.a.,n.a.,n.a.,n.a.,250
WMP,1-Jul-15,2054.331291,-0.108,n.a.,2028.343158,1999.0925,2055.151429,2120.701899,2235.11,15672
SMP,1-Jul-15,1875.418275,-0.058,1825,1842.55814,1849,1927.195122,1906.542828,1921.427504,7543
AMF,1-Jul-15,2855.478723,0.016,n.a.,2812.954545,2850.653846,2868.342105,2934.409091,2938.7,4700
BUT,1-Jul-15,2694.445928,-0.003,n.a.,2710,2695,2636.230769,2725,2810,2996
BMP,1-Jul-15,1877.727273,-0.081,n.a.,1815,1930,1930,n.a.,n.a.,355
WMP,15-Jul-15,1847.830969,-0.131,n.a.,n.a.,1780,1830,1848.988604,n.a.,15369
SMP,15-Jul-15,1702.187809,-0.101,1610,1655,1595.021798,1712.869339,1810.125125,1839.738462,7249
AMF,15-Jul-15,2621.381623,-0.106,n.a.,n.a.,n.a.,2495.46875,2728.450549,2841.779661,3913
BUT,15-Jul-15,2460.372268,-0.095,n.a.,2454.764423,n.a.,n.a.,2450,2560,2910
BMP,15-Jul-15,1794.41349,-0.044,n.a.,1800,1770,1855,n.a.,n.a.,341
WMP,4-Aug-15,1590.096476,-0.103,1517.394828,n.a.,1520,1588.884536,1636.44,1707.326316,27210
SMP,4-Aug-15,1418.534836,-0.144,n.a.,1350,1375.478261,1450.039841,1570,1585.090909,9634
AMF,4-Aug-15,2253.416206,-0.117,n.a.,2105,2150,2170.806667,2385,2574.875,4127
BUT,4-Aug-15,2292.917208,-0.061,n.a.,2300,2265,2295,2280,2510,3080
BMP,4-Aug-15,1700.064935,-0.051,n.a.,1625,1760,1825,n.a.,n.a.,405
WMP,18-Aug-15,1855.930063,0.191,n.a.,1813.780702,1857.777778,1861.665081,1883.8,2007.412281,17816
SMP,18-Aug-15,1520.990402,0.085,1450,1499.521739,1533.230944,1514.735294,1544.8,1579.8,9864
AMF,18-Aug-15,2723.70438,0.266,n.a.,2736.240905,2697.625,2718.692308,2697.96,2876.285714,3562
BUT,18-Aug-15,2540.830389,0.108,n.a.,2580,2505,2535.321361,2480,2555,3113
BMP,18-Aug-15,1400,-0.138,n.a.,1400,n.a.,n.a.,n.a.,n.a.,445
WMP,1-Sep-15,2077.705029,0.121,2147.85,1995.866667,2117.173913,2110.483333,2091.185,2143.844057,17717
SMP,1-Sep-15,1697.779099,0.117,1695,1702.112232,1681.861777,1698.108808,1708.73057,1716.292247,8411
AMF,1-Sep-15,3028.817949,0.117,n.a.,2942.564103,3064,3108.333333,3067.405063,3161.5,3900
BUT,1-Sep-15,2745.944079,0.081,n.a.,2670,2755,2885,2797.38,2807.75,3040
BMP,1-Sep-15,1828.666667,0.3,n.a.,1820,1830,1855,n.a.,n.a.,375
WMP,15-Sep-15,2494.854702,0.206,n.a.,2467.552036,2511.460733,2467.926357,2533.216999,2698.7,17034
SMP,15-Sep-15,1991.861393,0.17,1925,1948.35072,2001.906667,1997.428125,2097.55988,2140,9304
AMF,15-Sep-15,3439.656334,0.137,n.a.,3402.12475,3435.164369,3484.162896,3497.307692,3471.366667,3710
BUT,15-Sep-15,3108.145161,0.133,n.a.,3020,3135,3170,3200,3460,3100
BMP,15-Sep-15,1719.257143,-0.019,n.a.,1706.492308,1720,1800,n.a.,n.a.,525
WMP,6-Oct-15,2823.777114,0.129,2924.9,2799.092559,2812.965591,2825.825758,2852.608333,2879.578947,16735
SMP,6-Oct-15,2267.277299,0.134,2195,2238.795117,2287.870413,2333.108348,2261.05,2409.076087,9048
AMF,6-Oct-15,3762.715108,0.099,n.a.,3678.7,3795.75,3794.5,3901.4,3941.4,3475
BUT,6-Oct-15,3037.316237,-0.023,n.a.,3065.816,3001.789474,2999.836364,3056.511111,3205,3061
BMP,6-Oct-15,1944.576613,0.138,n.a.,1873.402367,2095,2100,n.a.,n.a.,496
WMP,20-Oct-15,2693.746685,-0.046,n.a.,2763.812037,2635.239175,2670.432954,2666.672222,2790.5,16592
SMP,20-Oct-15,2177.859308,-0.045,2085,2151.684794,2219.533007,2199.684609,2176.34375,2264.5,8906
AMF,20-Oct-15,3856.249628,0.024,n.a.,3879.299098,3818.245325,3837.89225,3846.571429,3968.984375,3357
BUT,20-Oct-15,2850,-0.111,n.a.,n.a.,n.a.,n.a.,n.a.,2850,2927
BMP,20-Oct-15,2063.615385,0.032,n.a.,2060,2055,2120,n.a.,n.a.,325
WMP,3-Nov-15,2453.312872,-0.08,2500,2440,2429.634274,2489.456049,2430.388462,2533.930041,17662
SMP,3-Nov-15,2017.807582,-0.08,2098.590909,1989.880597,1995.692308,2068.240741,2099.888889,2205,8221
AMF,3-Nov-15,3646.512384,-0.057,3581.903808,3682.613636,3615.1,3655.9,3665.3,3697.633588,3230
BUT,3-Nov-15,2574.352442,-0.056,2520,2522.916667,2585,2635,2690,2690,2355
BMP,3-Nov-15,1844,-0.094,n.a.,1805,2000,n.a.,n.a.,n.a.,275
WMP,17-Nov-15,2147.560703,-0.11,n.a.,2065.354839,2197.986842,2221.456522,2293.403846,2319.4,15650
SMP,17-Nov-15,1851.303346,-0.081,1765,1839.38022,1835.442177,1862.060606,1919.188889,2044.466667,6713
AMF,17-Nov-15,3429.620755,-0.059,n.a.,3391.498104,3437.933151,3462.863341,3528,3541.333333,3151
BUT,17-Nov-15,2709.134367,0.056,n.a.,2635,2695,2850,2910,2855,1935
BMP,17-Nov-15,1825,-0.01,n.a.,1800,1925,n.a.,n.a.,n.a.,400
WMP,1-Dec-15,2259.594648,0.053,2205.894737,2175.235408,2287.317333,2385.033356,2423.357822,2454.390244,15246
SMP,1-Dec-15,1918.112305,0.032,1871.666667,1886.125,1966.007401,2002.125,1968.823529,2041.8,6151
AMF,1-Dec-15,3519.23921,0.023,3482.783375,3504.825,3563.258706,3511.843318,3492.125,3629,2734
BUT,1-Dec-15,3008.871595,0.057,3915,2845,2870,2920,2895,3065,1542
BMP,1-Dec-15,1728.908629,-0.056,n.a.,1680,1885,n.a.,n.a.,n.a.,247
WMP,15-Dec-15,2304.398601,0.018,n.a.,2252.112139,2288.72986,2409.369806,2398.934783,2419.34,12579
SMP,15-Dec-15,1890.972883,0.002,1795,1863.038526,1897.356115,1929.714286,1993.84,2000.3,5681
AMF,15-Dec-15,3721.116178,0.061,n.a.,3725.202109,3762.469231,3659.444444,3677.5,3780,2522
BUT,15-Dec-15,3136.294498,0.09,n.a.,3145,3190,3060,3085,3115,1545
BMP,15-Dec-15,1563.973333,-0.061,n.a.,1552.276923,1640,n.a.,n.a.,n.a.,375
WMP,5-Jan-16,2209.712635,-0.044,2218.63691,2185.8,2184.188679,2264.266667,2241.293031,2270.333333,13589
SMP,5-Jan-16,1890.097609,-0.008,1887.285714,1877.514634,1899.87234,1870.756098,1928.88,1933.718593,5488
AMF,5-Jan-16,3644.255026,-0.027,3673.670213,3652.70625,3617,3663.051948,3591.375,3704.736842,2537
BUT,5-Jan-16,3313.62294,0.067,3167.105263,3665,3146.061008,3130,3020,3140,1456
BMP,5-Jan-16,1586.296992,0.01,n.a.,1578.333333,1630,n.a.,n.a.,n.a.,266
WMP,19-Jan-16,2188.269521,-0.005,n.a.,2096.933333,2208.885714,2304.986702,2297.04,2465,10604
SMP,19-Jan-16,1834.883671,-0.032,1771.071429,1842.504921,1805.885874,1810.888889,1894.75,1985.05,5054
AMF,19-Jan-16,3724.428795,0.024,n.a.,3749.5,3732.426367,3653.060046,3700,3754.114583,2556
BUT,19-Jan-16,3161.688491,-0.059,n.a.,3140,3155,3206.422222,3205,3275,1451
BMP,19-Jan-16,1620,0.027,n.a.,1620,1620,n.a.,n.a.,n.a.,155
WMP,2-Feb-16,1951.717905,-0.104,2034.366667,1909.552066,1974.04,2041.699029,1997.965459,n.a.,13637
SMP,2-Feb-16,1792.473684,-0.022,1751.161616,1833.46823,1752.083333,1785.133333,1795.271084,1807,4081
AMF,2-Feb-16,3485.706006,-0.066,3557.298995,3478.125,3452.375,3471.590038,3518.912134,3527.386364,2847
BUT,2-Feb-16,2905.475702,-0.083,2925,2880,2920.25,2910,2900,2960,1461
BMP,2-Feb-16,1513.293173,-0.067,n.a.,1505,1540,n.a.,n.a.,n.a.,274
WMP,16-Feb-16,1889.712109,-0.037,n.a.,1861.7,1892.7028,1928.023552,1911.446983,2042.777778,11289
SMP,16-Feb-16,1761.856796,-0.014,1835,1758.709877,1753.902857,1765.496,1759.769231,1787.04918,3825
AMF,16-Feb-16,3526.624918,0.015,n.a.,3536.230769,3515.617647,3527.363636,3524.487179,3496.25,3034
BUT,16-Feb-16,2834.434092,-0.023,n.a.,2840,2810,2820.04,2925,2955,1449
BMP,16-Feb-16,1495.948905,-0.012,n.a.,1500,1485,n.a.,n.a.,n.a.,299
WMP,1-Mar-16,1974.367911,0.055,1919.475,1968.243382,1976.946565,2004.611111,2120.927835,2080.5,10932
SMP,1-Mar-16,1801.900378,0.013,1781.636364,1826.993483,1798.870542,1757.798165,1772.8125,1805.833333,4031
AMF,1-Mar-16,3254.4784,-0.083,3385.526316,3237.864865,3179.628571,3253.315789,3261.300813,3390.03876,3125
BUT,1-Mar-16,2811.434599,-0.005,2756.94332,2825,2820,2805,2815,2865,1659
BMP,1-Mar-16,1452.434944,-0.029,n.a.,1455,1445,n.a.,n.a.,n.a.,314
WMP,15-Mar-16,1970.601689,-0.008,n.a.,1944.444444,1940.478938,2024.37,2116.28866,2134.9,9357
SMP,15-Mar-16,1730.736405,-0.025,1690,1731.662722,1725.710608,1715.39924,1745.275,1764.561404,4197
AMF,15-Mar-16,3014.422012,-0.065,n.a.,2919.97316,2990.723026,3154.15,3255.596708,3142.4,3071
BUT,15-Mar-16,2733.214486,-0.028,n.a.,2660,2785,2765,2925,2965,1781
BMP,15-Mar-16,1544.854369,0.064,n.a.,1540,1555,n.a.,n.a.,n.a.,334
WMP,5-Apr-16,2012.528046,0.015,2028.655914,1969.494203,2002.888889,2064.04,2119.809322,2111.201602,10251
SMP,5-Apr-16,1720.550406,0.001,1718.598972,1696.12809,1712.340877,1759.285714,1727.125,1846.85,5399
AMF,5-Apr-16,3202.54902,0.067,3017.578475,3139.701258,3296.375,3164.212329,3154.8125,3792.714286,3213
BUT,5-Apr-16,2702.131566,-0.02,2665,2573.653846,2740,2803.5,2820,2900,1961
BMP,5-Apr-16,1395.233645,-0.082,n.a.,1384.666667,1470,n.a.,n.a.,n.a.,428
WMP,19-Apr-16,2156.468408,0.075,2138.620507,2104.434042,2193.631665,2248.791667,2330.722222,2294.444444,9037
SMP,19-Apr-16,1726.83818,0.003,1743.654822,1710.796154,1704.163846,1758.226601,1800.168776,1880.64,5451
AMF,19-Apr-16,3240.014331,0.016,3230.888889,3254.135802,3225.278552,3226,3231.416667,3275.340909,3140
BUT,19-Apr-16,2746.475827,0.02,2690,2730.78125,2717.5,2785,2848.666667,2891.521739,1965
BMP,19-Apr-16,1459.896907,0.024,n.a.,1445.972222,1500,n.a.,n.a.,n.a.,291
WMP,3-May-16,2176.255034,0.007,2112.5875,2163,2218.190476,2241.59375,2218.1,2224.815385,7450
SMP,3-May-16,1676.357627,-0.036,1671.010782,1641.085271,1711.224976,1700,1722.56,1762.389558,6525
AMF,3-May-16,3194.566752,-0.016,3247.857143,3147.988506,3199.277778,3195.2,3253.246753,3239.25,3116
BUT,3-May-16,2601.410127,-0.055,2651.25,2577.585714,2608.428571,2571.142857,2625,2685,1975
BMP,3-May-16,1366.429872,-0.055,n.a.,1366.429872,n.a.,n.a.,n.a.,n.a.,549
WMP,17-May-16,2251.578104,0.03,2198.35,2248.656825,2262.033333,2284.266802,2286.25,2287.65,5307
SMP,17-May-16,1658.087422,-0.009,1625.511811,1609.48,1665,1742.551595,1870.316092,1766.851852,6388
AMF,17-May-16,3340.193153,0.049,3533.043478,3344.0625,3269.24,3288.25,3299.350829,3413.625,3184
BUT,17-May-16,2696.517857,0.038,2705.824176,2800,2690,2590,2595,2630,1960
BMP,17-May-16,1545,0.162,n.a.,1545,n.a.,n.a.,n.a.,n.a.,300
WMP,1-Jun-16,2205.412386,-0.017,2192.729961,2214.21,2215.97578,2186.340206,2208.842857,2212.913333,10609
SMP,1-Jun-16,1867.143424,0.121,1816.549296,1808.184713,1996.315789,1869.466292,1906.440903,1911.5,6385
AMF,1-Jun-16,3444.405328,0.028,3441.5,3460.4,3453.78125,3428.846816,3408.05,3431.689189,3153
BUT,1-Jun-16,2762.1542,0.032,2780.36,2810,2750,2730,2735,2900,2393
BMP,1-Jun-16,1765,0.142,n.a.,1765,n.a.,n.a.,n.a.,n.a.,379
WMP,15-Jun-16,2118.236991,-0.045,2098.394995,2112.073774,2123.994444,2124.570652,2101.021875,2192.5,10051
SMP,15-Jun-16,1901.006305,0.015,1803.636364,1860.766355,1925.104741,1955.267081,1982.026144,1912.508333,6127
AMF,15-Jun-16,3618.622654,0.044,3685,3588.726316,3617.315574,3629.526578,3649.35,3598.5,2984
BUT,15-Jun-16,2910.207222,0.053,2980,2980,3010,2815,2850,2960,2437
BMP,15-Jun-16,1694.653179,-0.066,n.a.,1694.653179,n.a.,n.a.,n.a.,n.a.,346