"","Date","Price.WMP","PriceIndexPercentageChange.WMP","QuantitySold.WMP","Price.SMP","PriceIndexPercentageChange.SMP","QuantitySold.SMP","Price.BUT","PriceIndexPercentageChange.BUT","QuantitySold.BUT","Price.BMP","PriceIndexPercentageChange.BMP","QuantitySold.BMP","Price.AMF","PriceIndexPercentageChange.AMF","QuantitySold.AMF"
"1",2009-11-03,4756,0.177657857,3355,NA,NA,NA,NA,NA,NA,NA,NA,NA,4756,0.177657857,3355
"2",2009-12-01,4348,-0.0857863751051304,3984,NA,NA,NA,NA,NA,NA,NA,NA,NA,4348,-0.0857863751051304,3984
"3",2010-01-05,4539,0.0439282428702852,3775,NA,NA,NA,NA,NA,NA,NA,NA,NA,4539,0.0439282428702852,3775
"4",2010-02-02,4182,-0.0786516853932584,2912,NA,NA,NA,NA,NA,NA,NA,NA,NA,4182,-0.0786516853932584,2912
"5",2010-03-02,3958,-0.0535628885700622,2862,2926,-0.282139352306183,7550,NA,NA,NA,NA,NA,NA,3958,-0.0535628885700622,2862
"6",2010-04-06,4826,0.219302678120263,2701,3672,0.254955570745044,6348,NA,NA,NA,NA,NA,NA,4826,0.219302678120263,2701
"7",2010-05-04,5019,0.0399917115623705,3349,3611,-0.0166122004357298,6500,NA,NA,NA,NA,NA,NA,5019,0.0399917115623705,3349
"8",2010-06-01,5323,0.060569834628412,4223,3461,-0.041539739684298,9900,NA,NA,NA,NA,NA,NA,5323,0.060569834628412,4223
"9",2010-07-06,4620,-0.132068382491076,5557,3066,-0.114128864490032,12181,NA,NA,NA,NA,NA,NA,4620,-0.132068382491076,5557
"10",2010-08-03,4302,-0.0688311688311688,6730,2769,-0.0968688845401174,14055,NA,NA,NA,NA,NA,NA,4302,-0.0688311688311688,6730
"11",2010-09-01,4681,0.0880985588098559,3050,3197,0.154568436258577,6350,NA,NA,NA,NA,NA,NA,4681,0.0880985588098559,3050
"12",2010-09-15,5188,0.108310190130314,3002,3228,0.00969659055364404,6340,NA,NA,NA,NA,NA,NA,5188,0.108310190130314,3002
"13",2010-10-05,5256,0.0131071703932151,2797,3220,-0.00247831474597274,7000,NA,NA,NA,NA,NA,NA,5256,0.0131071703932151,2797
"14",2010-10-19,5196,-0.0114155251141553,2753,3071,-0.0462732919254658,8500,NA,NA,NA,NA,NA,NA,5196,-0.0114155251141553,2753
"15",2010-11-02,5393,0.037913779830639,2450,3020,-0.0166069684141973,6009,NA,NA,NA,NA,NA,NA,5393,0.037913779830639,2450
"16",2010-11-16,5341,-0.00964212868533284,2451,3096,0.0251655629139073,5953,NA,NA,NA,NA,NA,NA,5341,-0.00964212868533284,2451
"17",2010-12-01,5333,-0.00149784684516008,2601,3059,-0.0119509043927649,6502,NA,NA,NA,NA,NA,NA,5333,-0.00149784684516008,2601
"18",2010-12-15,5380,0.00881305081567598,3250,3127,0.0222294867603792,6518,NA,NA,NA,NA,NA,NA,5380,0.00881305081567598,3250
"19",2011-01-04,5984,0.112267657992565,2313,3491,0.116405500479693,4100,NA,NA,NA,NA,NA,NA,5984,0.112267657992565,2313
"20",2011-01-18,5946,-0.00635026737967914,2337,3579,0.0252076768834145,4100,NA,NA,NA,NA,NA,NA,5946,-0.00635026737967914,2337
"21",2011-02-01,6486,0.0908173562058527,2097,3913,0.0933221570271025,3900,NA,NA,NA,NA,NA,NA,6486,0.0908173562058527,2097
"22",2011-02-15,6323,-0.0251310514955288,2750,3898,-0.00383337592639918,3882,NA,NA,NA,NA,NA,NA,6323,-0.0251310514955288,2750
"23",2011-03-01,6424,0.0159734303337024,2416,3976,0.0200102616726526,2844,NA,NA,NA,NA,NA,NA,6424,0.0159734303337024,2416
"24",2011-03-15,6111,-0.0487235367372354,2489,3816,-0.0402414486921529,2850,NA,NA,NA,NA,NA,NA,6111,-0.0487235367372354,2489
"25",2011-04-05,5985,-0.0206185567010309,2475,3763,-0.0138888888888889,2336,NA,NA,NA,NA,NA,NA,5985,-0.0206185567010309,2475
"26",2011-04-19,5950,-0.00584795321637427,2425,3770,0.00186021791124103,2256,NA,NA,NA,NA,NA,NA,5950,-0.00584795321637427,2425
"27",2011-05-03,5669,-0.0472268907563025,3625,3908,0.036604774535809,2088,NA,NA,NA,NA,NA,NA,5669,-0.0472268907563025,3625
"28",2011-05-17,5339,-0.0582113247486329,3583,3824,-0.0214943705220061,2099,NA,NA,NA,NA,NA,NA,5339,-0.0582113247486329,3583
"29",2011-06-01,5669,0.0618093275894362,3217,4372,0.143305439330544,1806,NA,NA,NA,NA,NA,NA,5669,0.0618093275894362,3217
"30",2011-06-15,5345,-0.0571529370259305,4211,3993,-0.0866880146386093,2105,NA,NA,NA,NA,NA,NA,5345,-0.0571529370259305,4211
"31",2011-07-05,5277,-0.0127221702525725,4125,3704,-0.0723766591535187,4901,NA,NA,NA,NA,NA,NA,5277,-0.0127221702525725,4125
"32",2011-07-19,4613,-0.125829069547091,4800,3487,-0.058585313174946,4990,NA,NA,NA,NA,NA,NA,4613,-0.125829069547091,4800
"33",2011-08-02,4297,-0.0685020593973553,5489,3478,-0.00258101519931173,7057,NA,NA,NA,NA,NA,NA,4297,-0.0685020593973553,5489
"34",2011-08-16,4273,-0.00558529206423086,5461,3437,-0.0117883841288097,8077,NA,NA,NA,NA,NA,NA,4273,-0.00558529206423086,5461
"35",2011-09-06,4352,0.0184881816054294,5295,3443,0.00174570846668606,9346,NA,NA,NA,NA,NA,NA,4352,0.0184881816054294,5295
"36",2011-09-20,3845,-0.116498161764706,5896,3229,-0.0621550972988673,11973,NA,NA,NA,NA,NA,NA,3845,-0.116498161764706,5896
"37",2011-10-04,3702,-0.0371911573472042,5664,3193,-0.0111489625270982,9993,NA,NA,NA,NA,NA,NA,3702,-0.0371911573472042,5664
"38",2011-10-18,3644,-0.015667206915181,5667,3291,0.030692139054181,10029,NA,NA,NA,NA,NA,NA,3644,-0.015667206915181,5667
"39",2011-11-01,3308,-0.0922063666300768,5485,3292,0.000303859009419629,7753,NA,NA,NA,NA,NA,NA,3308,-0.0922063666300768,5485
"40",2011-11-15,3571,0.0795042321644498,5148,3354,0.0188335358444714,8025,NA,NA,NA,NA,NA,NA,3571,0.0795042321644498,5148
"41",2011-12-06,4012,0.123494819378325,4123,3423,0.0205724508050089,7675,NA,NA,NA,NA,NA,NA,4012,0.123494819378325,4123
"42",2011-12-20,4182,0.0423728813559322,4178,3312,-0.0324276950043821,9200,NA,NA,NA,NA,NA,NA,4182,0.0423728813559322,4178
"43",2012-01-03,3982,-0.0478240076518412,4090,3268,-0.0132850241545894,6650,NA,NA,NA,NA,NA,NA,3982,-0.0478240076518412,4090
"44",2012-01-17,4083,0.0253641386238071,3551,3351,0.0253977968176255,5727,NA,NA,NA,NA,NA,NA,4083,0.0253641386238071,3551
"45",2012-02-01,3942,-0.0345334313005143,3624,3296,-0.0164130110414802,4469,NA,NA,NA,NA,NA,NA,3942,-0.0345334313005143,3624
"46",2012-02-15,3546,-0.100456621004566,4048,3259,-0.0112257281553398,4770,NA,NA,NA,NA,NA,NA,3546,-0.100456621004566,4048
"47",2012-03-06,3631,0.023970671178793,2844,3194,-0.0199447683338447,4677,NA,NA,NA,NA,NA,NA,3631,0.023970671178793,2844
"48",2012-03-20,3284,-0.0955659597906913,3280,3125,-0.0216030056355667,4970,NA,NA,NA,NA,NA,NA,3284,-0.0955659597906913,3280
"49",2012-04-03,3583,0.091047503045067,2908,3077,-0.01536,5743,NA,NA,NA,NA,NA,NA,3583,0.091047503045067,2908
"50",2012-04-17,3303,-0.0781468043538934,3508,2871,-0.0669483262918427,5967,NA,NA,NA,NA,NA,NA,3303,-0.0781468043538934,3508
"51",2012-05-01,2851,-0.136845292158644,4361,2729,-0.0494601184256357,6027,NA,NA,NA,NA,NA,NA,2851,-0.136845292158644,4361
"52",2012-05-15,2498,-0.123816204840407,4515,2573,-0.0571637962623672,7675,NA,NA,NA,NA,NA,NA,2498,-0.123816204840407,4515
"53",2012-06-05,3095,0.238991192954363,3634,3011,0.17022930431403,5298,NA,NA,NA,2456,-0.521899941600156,537,3095,0.238991192954363,3634
"54",2012-06-19,3091,-0.0012924071082391,3484,2833,-0.0591165725672534,5363,NA,NA,NA,2509,0.0215798045602606,475,3091,-0.0012924071082391,3484
"55",2012-07-03,2744,-0.112261404076351,5413,2598,-0.0829509354041652,9960,NA,NA,NA,2482,-0.0107612594659227,545,2744,-0.112261404076351,5413
"56",2012-07-17,2845,0.0368075801749271,5334,2727,0.0496535796766744,10471,NA,NA,NA,2662,0.072522159548751,543,2845,0.0368075801749271,5334
"57",2012-08-01,2803,-0.0147627416520211,5168,2805,0.0286028602860286,10946,NA,NA,NA,2415,-0.0927873779113449,640,2803,-0.0147627416520211,5168
"58",2012-08-15,3172,0.131644666428826,4054,3023,0.0777183600713012,10782,NA,NA,NA,2667,0.104347826086957,629,3172,0.131644666428826,4054
"59",2012-09-04,3529,0.112547288776797,5259,3210,0.0618590803837248,11036,NA,NA,NA,3090,0.158605174353206,626,3529,0.112547288776797,5259
"60",2012-09-18,3198,-0.0937942759988665,5953,3339,0.0401869158878505,10545,NA,NA,NA,3028,-0.0200647249190939,650,3198,-0.0937942759988665,5953
"61",2012-10-02,2982,-0.0675422138836773,6075,3308,-0.00928421683138664,10900,NA,NA,NA,3143,0.0379788639365918,574,2982,-0.0675422138836773,6075
"62",2012-10-16,2879,-0.0345405767940979,5976,3325,0.00513905683192261,9749,NA,NA,NA,3288,0.0461342666242444,600,2879,-0.0345405767940979,5976
"63",2012-11-06,3025,0.0507120527961098,5830,3449,0.0372932330827068,8524,NA,NA,NA,3510,0.0675182481751825,250,3025,0.0507120527961098,5830
"64",2012-11-20,3065,0.0132231404958678,6183,3402,-0.0136271383009568,8351,NA,NA,NA,3615,0.0299145299145299,247,3065,0.0132231404958678,6183
"65",2012-12-04,3196,0.0427406199021207,5087,3361,-0.0120517342739565,8547,NA,NA,NA,3615,0,200,3196,0.0427406199021207,5087
"66",2012-12-18,3180,-0.00500625782227785,5121,3418,0.016959238321928,8608,NA,NA,NA,3600,-0.004149377593361,200,3180,-0.00500625782227785,5121
"67",2013-01-02,3168,-0.00377358490566038,4558,3572,0.0450555880631949,6300,NA,NA,NA,3640,0.0111111111111111,184,3168,-0.00377358490566038,4558
"68",2013-01-16,3252,0.0265151515151515,4762,3552,-0.00559910414333707,6375,NA,NA,NA,3405,-0.0645604395604396,200,3252,0.0265151515151515,4762
"69",2013-02-05,3500,0.0762607626076261,4233,3554,0.000563063063063063,6748,NA,NA,NA,3530,0.0367107195301028,175,3500,0.0762607626076261,4233
"70",2013-02-19,3634,0.0382857142857143,4030,3591,0.0104108047270681,6062,3725,0.145448954489545,1793,3317,-0.0603399433427762,400,3634,0.0382857142857143,4030
"71",2013-03-05,3819,0.0509080902586681,2833,3758,0.0465051517683097,4419,4080,0.0953020134228188,1862,4200,0.266204401567682,200,3819,0.0509080902586681,2833
"72",2013-03-19,4415,0.156061796281749,2467,4050,0.077700904736562,4471,4549,0.114950980392157,1824,3904,-0.0704761904761905,375,4415,0.156061796281749,2467
"73",2013-04-02,4694,0.063193657984145,2519,5141,0.269382716049383,4035,4425,-0.0272587381842163,1695,4595,0.176997950819672,175,4694,0.063193657984145,2519
"74",2013-04-16,4963,0.0573072006817213,2514,4757,-0.0746936393697724,4963,4720,0.0666666666666667,1665,3982,-0.133405875952122,431,4963,0.0573072006817213,2514
"75",2013-05-01,4674,-0.0582309087245618,2198,4279,-0.100483498002943,4873,4409,-0.0658898305084746,1455,4500,0.130085384229031,195,4674,-0.0582309087245618,2198
"76",2013-05-15,4597,-0.0164741121095421,2180,4252,-0.00630988548726338,4121,3846,-0.127693354502155,1258,3876,-0.138666666666667,500,4597,-0.0164741121095421,2180
"77",2013-06-04,4477,-0.0261039808570807,2164,4163,-0.020931326434619,6254,3742,-0.0270410816432657,1649,4410,0.137770897832817,305,4477,-0.0261039808570807,2164
"78",2013-06-18,4589,0.0250167522894796,2112,4283,0.0288253663223637,6220,3925,0.0489043292357028,1770,4315,-0.0215419501133787,293,4589,0.0250167522894796,2112
"79",2013-07-02,4644,0.0119851819568533,3175,4440,0.0366565491477936,9537,3707,-0.0555414012738853,2919,4609,0.0681344148319815,370,4644,0.0119851819568533,3175
"80",2013-07-16,4741,0.0208871662360034,3625,4565,0.0281531531531532,10112,3693,-0.00377663879147559,2929,4825,0.0468648296810588,380,4741,0.0208871662360034,3625
"81",2013-08-06,4612,-0.0272094494832314,4556,4451,-0.0249726177437021,11745,3499,-0.0525318169509884,2572,4641,-0.0381347150259067,486,4612,-0.0272094494832314,4556
"82",2013-08-20,4931,0.0691673894189072,4167,4425,-0.00584138395866097,11181,3614,0.0328665332952272,2493,4688,0.0101271277741866,400,4931,0.0691673894189072,4167
"83",2013-09-03,5109,0.0360981545325492,3911,4420,-0.00112994350282486,11939,3709,0.0262866629773105,2291,4566,-0.0260238907849829,453,5109,0.0360981545325492,3911
"84",2013-09-17,4939,-0.0332746134272852,4226,4329,-0.0205882352941176,10899,3910,0.0541925047182529,2517,4805,0.0523434077967587,300,4939,-0.0332746134272852,4226
"85",2013-10-01,5061,0.0247013565499089,3986,4491,0.0374220374220374,10836,3915,0.00127877237851662,2943,4695,-0.0228928199791883,435,5061,0.0247013565499089,3986
"86",2013-10-15,5007,-0.010669828097214,3851,4540,0.0109107103095079,9843,3779,-0.0347381864623244,3614,4680,-0.00319488817891374,331,5007,-0.010669828097214,3851
"87",2013-11-05,5343,0.067106051527861,3296,4559,0.00418502202643172,10653,3528,-0.0664196877480815,3533,4523,-0.0335470085470085,461,5343,0.067106051527861,3296
"88",2013-11-19,5255,-0.0164701478570092,3425,4582,0.00504496600131608,10185,3582,0.0153061224489796,3634,4753,0.0508512049524652,300,5255,-0.0164701478570092,3425
"89",2013-12-03,5395,0.0266412940057088,3388,4790,0.0453950240069839,8219,3750,0.0469011725293132,3188,4630,-0.0258783925941511,375,5395,0.0266412940057088,3388
"90",2013-12-17,5667,0.0504170528266914,3320,4868,0.0162839248434238,9058,4050,0.08,3132,5070,0.0950323974082073,150,5667,0.0504170528266914,3320
"91",2014-01-07,5538,-0.0227633668607729,46418,4688,-0.0369761709120789,46418,4223,0.0427160493827161,46418,4539,-0.104733727810651,46418,5538,-0.0227633668607729,46418
"92",2014-01-21,5641,0.0185987721198989,41024,4698,0.00213310580204778,41024,4657,0.102770542268529,41024,5244,0.155320555188367,41024,5641,0.0185987721198989,41024
"93",2014-02-04,5569,-0.012763694380429,35399,4746,0.0102171136653895,35399,4745,0.0188962851621215,35399,4775,-0.0894355453852021,35399,5569,-0.012763694380429,35399
"94",2014-02-18,5314,-0.0457891901598133,34568,4780,0.00716392751790982,34568,4586,-0.033508956796628,34568,5355,0.121465968586387,34568,5314,-0.0457891901598133,34568
"95",2014-03-04,5126,-0.0353782461422657,41086,4658,-0.0255230125523013,41086,4746,0.0348887919755778,41086,4792,-0.105135387488329,41086,5126,-0.0353782461422657,41086
"96",2014-03-18,4578,-0.106905969566914,39008,4584,-0.0158866466294547,39008,4534,-0.044669195111673,39008,5253,0.0962020033388982,39008,4578,-0.106905969566914,39008
"97",2014-04-01,4062,-0.112712975098296,39653,4126,-0.099912739965096,39653,4040,-0.108954565505073,39653,4211,-0.198362840281744,39653,4062,-0.112712975098296,39653
"98",2014-04-15,4086,0.00590841949778434,36549,3969,-0.0380513814832768,36549,3832,-0.0514851485148515,36549,4075,-0.0322963666587509,36549,4086,0.00590841949778434,36549
"99",2014-05-06,4170,0.0205580029368576,38174,3873,-0.0241874527588813,38174,3892,0.0156576200417537,38174,3713,-0.0888343558282209,38174,4170,0.0205580029368576,38174
"100",2014-05-20,4255,0.0203836930455636,33677,3733,-0.0361476891298735,33677,3667,-0.0578108941418294,33677,3950,0.0638297872340425,33677,4255,0.0203836930455636,33677
"101",2014-06-03,4058,-0.0462984723854289,37012,3863,0.0348245379051701,37012,3634,-0.00899918189255522,37012,3628,-0.0815189873417722,37012,4058,-0.0462984723854289,37012
"102",2014-06-17,3898,-0.03942828979793,31984,3855,-0.00207092932953663,31984,3699,0.0178866263070996,31984,4535,0.25,31984,3898,-0.03942828979793,31984
"103",2014-07-01,3606,-0.0749102103642894,41513,3810,-0.0116731517509728,41513,3181,-0.140037848067045,41513,4135,-0.0882028665931643,41513,3606,-0.0749102103642894,41513
"104",2014-07-15,3250,-0.0987243483083749,36656,3516,-0.0771653543307087,36656,3144,-0.0116315624017605,36656,4426,0.0703748488512697,36656,3250,-0.0987243483083749,36656
"105",2014-08-05,3457,0.0636923076923077,48380,3264,-0.0716723549488055,48380,2800,-0.10941475826972,48380,3852,-0.129688206055129,48380,3457,0.0636923076923077,48380
"106",2014-08-19,3566,0.0315302285218397,46387,2874,-0.119485294117647,46387,2940,0.05,46387,3886,0.00882658359293873,46387,3566,0.0315302285218397,46387
"107",2014-09-02,3360,-0.0577678070667415,57010,2600,-0.0953375086986778,57010,2753,-0.0636054421768708,57010,3174,-0.183221821924858,57010,3360,-0.0577678070667415,57010
"108",2014-09-16,3264,-0.0285714285714286,50801,2619,0.00730769230769231,50801,2698,-0.0199782055938976,50801,3140,-0.0107120352867045,50801,3264,-0.0285714285714286,50801
"109",2014-10-01,3117,-0.0450367647058824,55057,2540,-0.0301641848033601,55057,2514,-0.0681986656782802,55057,2723,-0.132802547770701,55057,3117,-0.0450367647058824,55057
"110",2014-10-15,3346,0.0734680782803978,50816,2462,-0.0307086614173228,50816,2614,0.0397772474144789,50816,2685,-0.0139551964744767,50816,3346,0.0734680782803978,50816
"111",2014-11-04,3292,-0.0161386730424387,45499,2457,-0.00203086921202275,45499,2505,-0.0416985462892119,45499,2426,-0.0964618249534451,45499,3292,-0.0161386730424387,45499
"112",2014-11-18,3490,0.0601458080194411,39613,2299,-0.0643060643060643,39613,2656,0.0602794411177645,39613,2511,0.0350370981038747,39613,3490,0.0601458080194411,39613
"113",2014-12-02,3817,0.0936962750716332,39273,2423,0.0539364941278817,39273,2849,0.0726656626506024,39273,2560,0.0195141377937077,39273,3817,0.0936962750716332,39273
"114",2014-12-16,4200,0.100340581608593,35390,2320,-0.0425092860090797,35390,3145,0.103896103896104,35390,2466,-0.03671875,35390,4200,0.100340581608593,35390
"115",2015-01-06,4493,0.0697619047619048,33669,2386,0.028448275862069,33669,3558,0.131319554848967,33669,2736,0.109489051094891,33669,4493,0.0697619047619048,33669
"116",2015-01-20,4286,-0.0460716670376141,31326,2389,0.00125733445096396,31326,3564,0.00168634064080944,31326,2559,-0.0646929824561404,31326,4286,-0.0460716670376141,31326
"117",2015-02-03,4067,-0.0510965935604293,28000,2598,0.0874843030556718,28000,3783,0.0614478114478114,28000,2436,-0.0480656506447831,28000,4067,-0.0510965935604293,28000
"118",2015-02-17,4314,0.06073272682567,22957,2744,0.0561970746728253,22957,3823,0.0105736188210415,22957,2674,0.0977011494252874,22957,4314,0.06073272682567,22957
"119",2015-03-03,4237,-0.0178488641631896,22094,2935,0.0696064139941691,22094,3912,0.0232801464818206,22094,2681,0.00261780104712042,22094,4237,-0.0178488641631896,22094
"120",2015-03-17,3877,-0.0849657776728818,20258,2731,-0.0695059625212947,20258,3555,-0.0912576687116564,20258,2635,-0.0171577769488997,20258,3877,-0.0849657776728818,20258
"121",2015-04-01,3663,-0.0551973175135414,23162,2467,-0.0966678872207982,23162,3259,-0.0832630098452883,23162,2130,-0.191650853889943,23162,3663,-0.0551973175135414,23162
"122",2015-04-15,3744,0.0221130221130221,25596,2253,-0.0867450344548034,25596,3026,-0.0714943234120896,25596,2208,0.0366197183098592,25596,3744,0.0221130221130221,25596
"123",2015-05-05,3505,-0.0638354700854701,27369,2048,-0.0909897913892588,27369,3005,-0.0069398545935228,27369,1748,-0.208333333333333,27369,3505,-0.0638354700854701,27369
"124",2015-05-19,3337,-0.0479315263908702,26535,1992,-0.02734375,26535,2911,-0.0312811980033278,26535,1930,0.104118993135011,26535,3337,-0.0479315263908702,26535
"125",2015-06-02,3112,-0.0674258315852562,27711,1982,-0.00502008032128514,27711,2619,-0.100309172105806,27711,1795,-0.0699481865284974,27711,3112,-0.0674258315852562,27711
"126",2015-06-16,2814,-0.0957583547557841,24047,1978,-0.00201816347124117,24047,2707,0.0336006109201986,24047,1975,0.100278551532033,24047,2814,-0.0957583547557841,24047
"127",2015-07-01,2855,0.0145700071073205,33200,1875,-0.0520728008088979,33200,2694,-0.00480236424085704,33200,1878,-0.0491139240506329,33200,2855,0.0145700071073205,33200
"128",2015-07-15,2621,-0.0819614711033275,31691,1702,-0.0922666666666667,31691,2460,-0.0868596881959911,31691,1794,-0.0447284345047923,31691,2621,-0.0819614711033275,31691
"129",2015-08-04,2253,-0.140404425791683,46527,1419,-0.166274970622797,46527,2293,-0.0678861788617886,46527,1700,-0.052396878483835,46527,2253,-0.140404425791683,46527
"130",2015-08-18,2724,0.209054593874834,36904,1521,0.0718816067653277,36904,2541,0.108155255124291,36904,1400,-0.176470588235294,36904,2724,0.209054593874834,36904
"131",2015-09-01,3029,0.111967694566814,35865,1698,0.116370808678501,35865,2746,0.080676898858717,35865,1829,0.306428571428571,35865,3029,0.111967694566814,35865
"132",2015-09-15,3440,0.135688345988775,36050,1992,0.173144876325088,36050,3108,0.131828113619811,36050,1719,-0.0601421541826134,36050,3440,0.135688345988775,36050
"133",2015-10-06,3763,0.0938953488372093,35243,2267,0.138052208835341,35243,3037,-0.0228442728442728,35243,1945,0.131471785922048,35243,3763,0.0938953488372093,35243
"134",2015-10-20,3856,0.0247143236779166,34519,2178,-0.039258932509925,34519,2850,-0.0615739216331906,34519,2064,0.0611825192802057,34519,3856,0.0247143236779166,34519
"135",2015-11-03,3647,-0.054201244813278,33997,2018,-0.0734618916437098,33997,2574,-0.0968421052631579,33997,1844,-0.106589147286822,33997,3647,-0.054201244813278,33997
"136",2015-11-17,3430,-0.0595009596928983,30044,1851,-0.0827552031714569,30044,2709,0.0524475524475524,30044,1825,-0.0103036876355748,30044,3430,-0.0595009596928983,30044
"137",2015-12-01,3519,0.0259475218658892,28158,1918,0.0361966504592112,28158,3009,0.110741971207087,28158,1729,-0.0526027397260274,28158,3519,0.0259475218658892,28158
"138",2015-12-15,3721,0.0574026712134129,24888,1891,-0.0140771637122002,24888,3136,0.0422067131937521,24888,1564,-0.0954308849045691,24888,3721,0.0574026712134129,24888
"139",2016-01-05,3644,-0.0206933619994625,25671,1890,-0.000528820729772607,25671,3314,0.0567602040816327,25671,1586,0.0140664961636829,25671,3644,-0.0206933619994625,25671
"140",2016-01-19,3724,0.021953896816685,21930,1835,-0.0291005291005291,21930,3162,-0.0458660229330115,21930,1620,0.021437578814628,21930,3724,0.021953896816685,21930
"141",2016-02-02,3486,-0.0639097744360902,24474,1792,-0.023433242506812,24474,2905,-0.0812776723592663,24474,1513,-0.0660493827160494,24474,3486,-0.0639097744360902,24474
"142",2016-02-16,3527,0.0117613310384395,22021,1762,-0.0167410714285714,22021,2834,-0.0244406196213425,22021,1496,-0.0112359550561798,22021,3527,0.0117613310384395,22021
"143",2016-03-01,3254,-0.0774028919761837,21880,1802,0.0227014755959137,21880,2811,-0.00811573747353564,21880,1452,-0.0294117647058824,21880,3254,-0.0774028919761837,21880
"144",2016-03-15,3014,-0.0737553779963122,20406,1731,-0.0394006659267481,20406,2733,-0.0277481323372465,20406,1545,0.0640495867768595,20406,3014,-0.0737553779963122,20406
"145",2016-04-05,3203,0.0627073656270737,22682,1721,-0.00577700751010976,22682,2702,-0.0113428466886206,22682,1395,-0.0970873786407767,22682,3203,0.0627073656270737,22682
"146",2016-04-19,3240,0.0115516703090852,21206,1727,0.00348634514816967,21206,2746,0.0162842339008142,21206,1460,0.046594982078853,21206,3240,0.0115516703090852,21206
"147",2016-05-03,3195,-0.0138888888888889,20615,1676,-0.0295309785755646,20615,2601,-0.0528040786598689,20615,1366,-0.0643835616438356,20615,3195,-0.0138888888888889,20615
"148",2016-05-17,3340,0.0453834115805947,18113,1658,-0.0107398568019093,18113,2697,0.0369088811995386,18113,1545,0.13103953147877,18113,3340,0.0453834115805947,18113
"149",2016-06-01,3444,0.0311377245508982,24046,1867,0.12605548854041,24046,2762,0.0241008527994067,24046,1765,0.142394822006472,24046,3444,0.0311377245508982,24046
"150",2016-06-15,3619,0.0508130081300813,23089,1901,0.0182110337439743,23089,2910,0.053584359160029,23089,1695,-0.0396600566572238,23089,3619,0.0508130081300813,23089
"151",2016-07-05,3621,0.000552638850511191,32500,1938,0.0194634402945818,32500,2828,-0.0281786941580756,32500,1552,-0.0843657817109145,32500,3621,0.000552638850511191,32500
"152",2016-07-19,3628,0.00193316763325048,31348,1927,-0.00567595459236326,31348,2687,-0.0498585572842999,31348,1565,0.00837628865979381,31348,3628,0.00193316763325048,31348
"153",2016-08-02,3797,0.0465821389195149,34928,1965,0.0197197716658018,34928,2871,0.0684778563453666,34928,1661,0.0613418530351438,34928,3797,0.0465821389195149,34928
"154",2016-08-16,4148,0.0924414011061364,37766,2028,0.0320610687022901,37766,3274,0.140369209334727,37766,1983,0.193859121011439,37766,4148,0.0924414011061364,37766
"155",2016-09-06,4769,0.149710703953713,36748,2224,0.0966469428007889,36748,3764,0.149664019547954,36748,2070,0.0438729198184569,36748,4769,0.149710703953713,36748
"156",2016-09-20,4998,0.0480184525057664,35086,2293,0.0310251798561151,35086,3892,0.0340063761955367,35086,2276,0.0995169082125604,35086,4998,0.0480184525057664,35086
"157",2016-10-04,4954,-0.00880352140856343,33937,2209,-0.0366332315743567,33937,3891,-0.00025693730729702,33937,2408,0.0579964850615114,33937,4954,-0.00880352140856343,33937
"158",2016-10-18,5007,0.0106984255147356,31525,2204,-0.00226346763241286,31525,3984,0.0239013107170393,31525,2583,0.0726744186046512,31525,5007,0.0106984255147356,31525
"159",2016-11-01,5146,0.0277611344118234,27735,2329,0.0567150635208711,27735,4146,0.0406626506024096,27735,2248,-0.129694154084398,27735,5146,0.0277611344118234,27735
"160",2016-11-15,5348,0.0392537893509522,23902,2562,0.100042936882782,23902,4193,0.0113362276893391,23902,2623,0.166814946619217,23902,5348,0.0392537893509522,23902
"161",2016-12-06,5500,0.0284218399401645,22472,2570,0.00312256049960968,22472,4262,0.0164559980920582,22472,2408,-0.0819672131147541,22472,5500,0.0284218399401645,22472
"162",2016-12-20,5367,-0.0241818181818182,22321,2621,0.0198443579766537,22321,4290,0.00656968559361802,22321,2874,0.193521594684385,22321,5367,-0.0241818181818182,22321
"163",2017-01-03,5352,-0.00279485746226942,22396,2660,0.0148798168637924,22396,4308,0.0041958041958042,22396,2670,-0.0709812108559499,22396,5352,-0.00279485746226942,22396
"164",2017-01-17,5528,0.0328849028400598,22030,2612,-0.0180451127819549,22030,4382,0.0171773444753946,22030,2783,0.0423220973782772,22030,5528,0.0328849028400598,22030
"165",2017-02-07,5765,0.0428726483357453,21273,2608,-0.00153139356814701,21273,4593,0.0481515289821999,21273,2254,-0.190082644628099,21273,5765,0.0428726483357453,21273
"166",2017-02-21,5693,-0.012489158716392,20479,2574,-0.0130368098159509,20479,4598,0.00108861310690181,20479,2090,-0.0727595385980479,20479,5693,-0.012489158716392,20479
"167",2017-03-07,5653,-0.00702617249253469,22328,2118,-0.177156177156177,22328,4653,0.0119617224880383,22328,1846,-0.116746411483254,22328,5653,-0.00702617249253469,22328
"168",2017-03-21,5799,0.0258269945161861,22498,1948,-0.0802644003777148,22498,4910,0.0552331828927574,22498,3101,0.679848320693391,22498,5799,0.0258269945161861,22498
"169",2017-04-04,5936,0.0236247628901535,22642,1913,-0.0179671457905544,22642,4751,-0.0323828920570265,22642,1588,-0.487907126733312,22642,5936,0.0236247628901535,22642
"170",2017-04-18,5930,-0.00101078167115903,22927,2044,0.0684788290642969,22927,4892,0.0296779625342033,22927,1720,0.0831234256926952,22927,5930,-0.00101078167115903,22927
"171",2017-05-02,6185,0.0430016863406408,22633,1982,-0.0303326810176125,22633,4911,0.00388389206868356,22633,1859,0.0808139534883721,22633,6185,0.0430016863406408,22633
"172",2017-05-16,6631,0.0721099434114794,21236,1998,0.00807265388496468,21236,5479,0.115658725310527,21236,1980,0.0650887573964497,21236,6631,0.0721099434114794,21236
"173",2017-06-06,6569,-0.00935002262102247,22004,2156,0.0790790790790791,22004,5631,0.027742288738821,22004,2092,0.0565656565656566,22004,6569,-0.00935002262102247,22004
"174",2017-06-20,6885,0.0481047343583498,21171,2218,0.0287569573283859,21171,5768,0.024329603977979,21171,3434,0.641491395793499,21171,6885,0.0481047343583498,21171
"175",2017-07-04,6596,-0.0419753086419753,28574,2090,-0.0577096483318305,28574,5775,0.00121359223300971,28574,2264,-0.3407105416424,28574,6596,-0.0419753086419753,28574
"176",2017-07-18,6577,-0.00288053365676167,26688,2024,-0.0315789473684211,26688,6004,0.0396536796536797,26688,3387,0.496024734982332,26688,6577,-0.00288053365676167,26688
"177",2017-08-01,6289,-0.0437889615326137,32768,1966,-0.0286561264822134,32768,5747,-0.0428047968021319,32768,2198,-0.351048125184529,32768,6289,-0.0437889615326137,32768
"178",2017-08-15,6199,-0.01431070122436,32260,1968,0.00101729399796541,32260,5735,-0.00208804593701061,32260,3339,0.519108280254777,32260,6199,-0.01431070122436,32260
"179",2017-09-05,6402,0.0327472172931118,33501,1944,-0.0121951219512195,33501,5954,0.0381865736704446,33501,2026,-0.393231506439054,33501,6402,0.0327472172931118,33501
"180",2017-09-19,6764,0.056544829740706,34117,1920,-0.0123456790123457,34117,6026,0.0120927107826671,34117,3368,0.662388943731491,34117,6764,0.056544829740706,34117
"181",2017-10-03,6504,-0.0384387936132466,37990,1895,-0.0130208333333333,37990,5837,-0.0313640889478925,37990,1804,-0.46437054631829,37990,6504,-0.0384387936132466,37990
"182",2017-10-17,6841,0.0518142681426814,35669,1797,-0.0517150395778364,35669,5736,-0.0173034092855919,35669,3204,0.776053215077605,35669,6841,0.0518142681426814,35669
"183",2017-11-07,6894,0.00774740535009502,35072,1818,0.011686143572621,35072,5516,-0.0383542538354254,35072,1931,-0.397315855181024,35072,6894,0.00774740535009502,35072
"184",2017-11-21,6887,-0.00101537568900493,35042,1701,-0.0643564356435644,35042,5144,-0.0674401740391588,35042,2970,0.538063179699637,35042,6887,-0.00101537568900493,35042
"185",2017-12-05,6836,-0.00740525627994773,29514,1774,0.0429159318048207,29514,4575,-0.110614307931571,29514,1957,-0.341077441077441,29514,6836,-0.00740525627994773,29514
"186",2017-12-19,6392,-0.0649502633118783,29592,1675,-0.0558060879368658,29592,4474,-0.0220765027322404,29592,2969,0.517118037812979,29592,6392,-0.0649502633118783,29592
"187",2018-01-02,6405,0.00203379224030038,25400,1699,0.0143283582089552,25400,4501,0.00603486812695574,25400,1866,-0.371505557426743,25400,6405,0.00203379224030038,25400
"188",2018-01-16,6547,0.0221701795472287,23319,1818,0.0700412007062978,23319,4897,0.087980448789158,23319,3310,0.77384780278671,23319,6547,0.0221701795472287,23319
"189",2018-02-06,6581,0.00519321826790897,22197,1932,0.0627062706270627,22197,5277,0.0775985297120686,22197,2039,-0.383987915407855,22197,6581,0.00519321826790897,22197
"190",2018-02-20,6458,-0.0186901686673758,20256,1832,-0.05175983436853,20256,5334,0.0108015918135304,20256,3623,0.776851397743992,20256,6458,-0.0186901686673758,20256
"191",2018-03-06,6245,-0.0329823474759988,19292,2051,0.119541484716157,19292,5280,-0.0101237345331834,19292,1959,-0.459287882969914,19292,6245,-0.0329823474759988,19292
"192",2018-03-20,6249,0.000640512409927942,18635,1887,-0.0799609946367626,18635,5281,0.000189393939393939,18635,3632,0.854007146503318,18635,6249,0.000640512409927942,18635
"193",2018-04-03,5806,-0.0708913426148184,17222,1849,-0.0201377848436672,17222,5494,0.0403332702139746,17222,1988,-0.452643171806167,17222,5806,-0.0708913426148184,17222
"194",2018-04-17,6120,0.0540819841543231,19262,1913,0.0346133044889129,19262,5654,0.0291226792864944,19262,3587,0.804325955734406,19262,6120,0.0540819841543231,19262
"195",2018-05-01,6032,-0.0143790849673203,19508,1999,0.0449555671719812,19508,5647,-0.0012380615493456,19508,1990,-0.445218845832172,19508,6032,-0.0143790849673203,19508
"196",2018-05-15,6354,0.0533819628647215,18161,2047,0.0240120060030015,18161,5787,0.0247919249158845,18161,3637,0.827638190954774,18161,6354,0.0533819628647215,18161
"197",2018-06-05,6222,-0.0207743153918791,21580,2051,0.00195407914020518,21580,5581,-0.0355970278209781,21580,2314,-0.363761341765191,21580,6222,-0.0207743153918791,21580
"198",2018-06-19,6060,-0.0260366441658631,21634,2003,-0.0234032179424671,21634,5611,0.00537538075613689,21634,3481,0.504321521175454,21634,6060,-0.0260366441658631,21634
"199",2018-07-03,5937,-0.0202970297029703,26519,1913,-0.0449326010983525,26519,5390,-0.0393869185528426,26519,2480,-0.28756104567653,26519,5937,-0.0202970297029703,26519
"200",2018-07-17,5629,-0.0518780528886643,25454,1959,0.0240460010454783,25454,4953,-0.0810760667903525,25454,2225,-0.102822580645161,25454,5629,-0.0518780528886643,25454
"201",2018-08-07,5709,0.014212115828744,34076,1972,0.00663603879530373,34076,4802,-0.0304865737936604,34076,2441,0.0970786516853933,34076,5709,0.014212115828744,34076
"202",2018-08-21,5321,-0.0679628656507269,32041,1951,-0.0106490872210953,32041,4392,-0.085381091211995,32041,3044,0.247029905776321,32041,5321,-0.0679628656507269,32041
"203",2018-09-04,5316,-0.000939672993798158,38811,2005,0.0276781137878011,38811,4271,-0.0275500910746812,38811,2474,-0.187253613666229,38811,5316,-0.000939672993798158,38811
"204",2018-09-18,5294,-0.00413844996237773,39143,1980,-0.0124688279301746,39143,4270,-0.000234137204401779,39143,2934,0.185933710590137,39143,5294,-0.00413844996237773,39143
"205",2018-10-02,5069,-0.0425009444654326,41981,1982,0.00101010101010101,41981,4016,-0.0594847775175644,41981,2522,-0.140422631220177,41981,5069,-0.0425009444654326,41981
"206",2018-10-16,5106,0.0072992700729927,41945,1977,-0.00252270433905146,41945,4114,0.024402390438247,41945,2885,0.143933386201427,41945,5106,0.0072992700729927,41945
"207",2018-11-06,5044,-0.0121425773599687,42412,1997,0.0101163378856854,42412,4045,-0.0167719980554205,42412,2568,-0.109878682842288,42412,5044,-0.0121425773599687,42412
"208",2018-11-20,4577,-0.0925852498017447,42966,1965,-0.0160240360540811,42966,3637,-0.100865265760198,42966,2727,0.0619158878504673,42966,4577,-0.0925852498017447,42966
"209",2018-12-04,4755,0.0388901026873498,36450,1970,0.00254452926208651,36450,3745,0.0296948034094034,36450,2973,0.0902090209020902,36450,4755,0.0388901026873498,36450
"210",2018-12-18,4936,0.0380651945320715,36181,2042,0.0365482233502538,36181,3928,0.0488651535380507,36181,2844,-0.0433905146316852,36181,4936,0.0380651945320715,36181
"211",2019-01-02,5137,0.0407212317666126,28651,2201,0.0778648383937316,28651,4076,0.0376782077393075,28651,3252,0.143459915611814,28651,5137,0.0407212317666126,28651
